Tianjin		CN	28	739
Tokyo		JP	40	555
Taipei		TW	04	524
Tehran		IR	26	476
Tai’an	Tai'an	CN	25	366
Tianshui		CN	15	233
Taiyuan		CN	24	228
Tangshan		CN	10	224
Toronto		CA	08	173
Tashkent		UZ	13	131
Tirunelveli		IN	25	95
Tabriz		IR	33	94
The Bronx		US	NY	92
Tangerang		ID	33	91
Tijuana		MX	02	86
Thāne	Thane	IN	16	84
Tongshan		CN	04	79
Tripoli		LY	77	76
Tbilisi		GE	51	69
Taichung		TW	04	69
Teni		IN	25	68
Turin		IT	12	58
Tegucigalpa		HN	08	56
Takeo		KH	19	56
Thiruvananthapuram		IN	13	52
Tiruchirappalli		IN	25	51
Tainan		TW	04	51
Trujillo		PE	13	49
Teresina		BR	20	49
Tol’yatti	Tol'yatti	RU	65	46
Tunis		TN	36	46
Tangier		MA	01	45
Tlalnepantla		MX	15	43
Taguig		PH	NCR	42
Tébessa	Tebessa	DZ	33	42
Ta‘izz	Ta`izz	YE	25	41
Taizhou		CN	04	40
Torreón	Torreon	MX	07	40
Tlaquepaque		MX	14	38
Tlalpan		MX	09	38
Tuxtla		MX	05	35
Tanggu		CN	28	35
Tucson		US	AZ	35
Ta’if	Ta'if	SA	14	35
Touba		SN	03	35
Tyumen		RU	78	34
Tembisa		ZA	06	34
Tonghua		CN	05	34
Toluca		MX	15	32
Tomsk		RU	75	32
The Hague		NL	11	31
Tula		RU	76	31
Tabuk		SA	19	30
Toulouse		FR	76	28
Tel Aviv		IL	05	28
Thoothukudi		IN	25	27
Tonalá	Tonala	MX	14	27
Tanda		EG	05	26
Tulsa		US	OK	26
Taoyuan City		TW	04	26
Tver		RU	77	26
Tiruppur		IN	25	26
Tallinn		EE	01	26
Toyonaka		JP	32	25
Toyohashi		JP	01	25
Tirana		AL	50	24
Tampa		US	FL	24
Toyota		JP	01	24
Tamale		GH	06	24
Taraz		KZ	17	23
Takatsuki		JP	32	23
Thessaloníki	Thessaloniki	GR	ESYE12	23
Taihecun		CN	08	23
Turmero		VE	04	22
Tokorozawa		JP	34	22
Tungi		BD	81	22
Takamatsu		JP	17	22
Tieling		CN	19	22
Tepic		MX	18	22
Tétouan	Tetouan	MA	01	21
Toyama		JP	42	21
Thrissur		IN	13	21
Thiès	Thies	SN	07	21
Timişoara	Timisoara	RO	36	21
Temara		MA	04	20
Tampico		MX	28	20
Tumkūr	Tumkur	IN	19	20
Tawau		MY	16	20
Tláhuac	Tlahuac	MX	09	20
Tambov		RU	72	19
Tsuen Wan		HK	NTW	19
Tacna		PE	23	18
Toledo		US	OH	18
Taganrog		RU	61	18
Tasikmalaya		ID	30	18
Tshikapa		CD	18	17
Tokushima		JP	39	17
Tongliao		CN	20	17
Tarsus		TR	32	17
Turpan		CN	13	16
Talcahuano		CL	06	16
Thiès Nones	Thies Nones	SN	07	16
Taubaté	Taubate	BR	27	16
Tirupati		IN	02	16
Tehuacán	Tehuacan	MX	21	16
Tiruvottiyūr	Tiruvottiyur	IN	25	16
Trabzon		TR	61	16
Tacloban		PH	08	16
Takasaki		JP	10	16
Temuco		CL	04	15
Tegal		ID	07	15
Ternopil		UA	22	15
Türkmenabat	Turkmenabat	TM	04	15
Takoradi		GH	09	15
Taytay		PH	40	15
Tripoli		LB	09	15
Tanga		TZ	18	14
Tongchuanshi		CN	26	14
Thị Xã Phú Mỹ	Thi Xa Phu My	VN	45	14
Takarazuka		JP	13	14
Tanjore		IN	25	14
Taiping		MY	07	14
Taboão da Serra	Taboao da Serra	BR	27	14
Terrassa		ES	56	14
Tarhuna		LY	82	14
Toruń	Torun	PL	73	13
Tacoma		US	WA	13
Toamasina		MG	31	13
Tampere		FI	06	13
Tapachula		MX	05	13
Thika		KE	05	13
Tilburg		NL	06	13
Talca		CL	11	13
Townsville		AU	04	13
Tanjung Pinang		ID	40	12
Tallahassee		US	FL	12
Trieste		IT	06	12
Tarlac City		PH	03	12
Taranto		IT	13	12
Tāngāil	Tangail	BD	81	12
Tiaret		DZ	13	11
Turku		FI	02	11
Tempe		US	AZ	11
Tsukuba		JP	14	11
Tomakomai		JP	12	11
Tambaram		IN	25	11
Temirtau		KZ	12	11
Takaoka		JP	42	11
Toulon		FR	93	11
Tuluá	Tulua	CO	29	11
Tsu		JP	23	10
Tongzhou		CN	22	10
Taunggyi		MM	11	10
Tarija		BO	09	10
Tempe Junction		US	AZ	10
Ţalkhā	Talkha	EG	01	10
Tiraspol		MD	58	10
Toledo		PH	07	10
Tema		GH	01	10
Tetuán de las Victorias	Tetuan de las Victorias	ES	29	10
Tottori		JP	41	10
Tonk		IN	24	10
Tordher		PK	03	10
Torrance		US	CA	9
Telford		GB	ENG	9
Trondheim		NO	21	9
Târgu-Mureş	Targu-Mures	RO	27	9
Taishan		CN	30	9
Tabora		TZ	17	9
Teshi Old Town		GH	01	9
Tizi Ouzou		DZ	14	9
Tanjungbalai		ID	26	9
Tuzla		BA	01	9
Taza		MA	03	9
Tours		FR	24	9
Tirmiz		UZ	12	9
Tarragona		ES	56	9
Tutamandahostel		EC	18	9
Thānesar	Thanesar	IN	10	9
Tiruvannāmalai	Tiruvannamalai	IN	25	9
Tasek Glugor		MY	09	9
Tyre		LB	06	9
Thái Nguyên	Thai Nguyen	VN	85	8
Thornton		US	CO	8
Talisay		PH	07	8
Tondabayashichō	Tondabayashicho	JP	32	8
Tlemcen		DZ	15	8
Toowoomba		AU	04	8
Tychy		PL	83	8
Tokat		TR	60	8
Thousand Oaks		US	CA	8
Tete		MZ	08	8
Teluknaga		ID	30	8
Titāgarh	Titagarh	IN	28	8
Topeka		US	KS	8
Tando Allahyar		PK	05	8
Torbat-e Ḩeydarīyeh	Torbat-e Heydariyeh	IR	42	8
Tando Adam		PK	05	8
Tyoply Stan		RU	48	8
Timon		BR	13	8
Targówek	Targowek	PL	78	8
Teresópolis	Teresopolis	BR	21	8
Thaton		MM	13	8
Tsaritsyno		RU	48	8
Tekirdağ	Tekirdag	TR	59	8
Tobruk		LY	79	8
Toyokawa		JP	01	8
Trois-Rivières	Trois-Rivieres	CA	10	7
Toledo		BR	18	7
Torrejón de Ardoz	Torrejon de Ardoz	ES	29	7
Troparëvo	Troparevo	RU	48	7
Tarnów	Tarnow	PL	77	7
Tebingtinggi		ID	26	7
Tigwav		HT	11	7
Tunja		CO	36	7
Taldykorgan		KZ	01	7
Taganskiy		RU	48	7
Tianfu		CN	25	7
Toliara		MG	51	7
Tuguegarao		PH	02	7
Tobol’sk	Tobol'sk	RU	78	7
Thanh Hóa	Thanh Hoa	VN	34	7
Temecula		US	CA	7
Turhal		TR	60	7
Tauranga		NZ	E8	7
Tieli		CN	08	7
Taitung City		TW	04	7
Tumbes		PE	24	7
Trincomalee		LK	37	7
Tādepallegūdem	Tadepallegudem	IN	02	7
Tajimi		JP	09	7
Taungoo		MM	16	7
Tanza		PH	NCR	7
Texcoco de Mora		MX	15	7
Tandil		AR	01	6
Tyler		US	TX	6
Turgutlu		TR	45	6
Tepexpan		MX	15	6
Tulancingo		MX	13	6
Tuxtepec		MX	20	6
Torrevieja		ES	60	6
Ternate		ID	29	6
Teófilo Otoni	Teofilo Otoni	BR	15	6
Tokuyama		JP	45	6
Tonghae		KR	06	6
Tartu		EE	18	6
Tiébo	Tiebo	SN	03	6
Trier		DE	08	6
Telde		ES	53	6
Tekstil’shchiki	Tekstil'shchiki	RU	48	6
Tagiura		LY	77	6
Tsuruoka		JP	44	6
Thunder Bay		CA	08	6
Talara		PE	20	6
Thimphu		BT	20	6
Tuscaloosa		US	AL	6
Thayetmyo		MM	15	6
Temixco		MX	17	6
Trindade		BR	29	6
Tarakan		ID	42	6
Turkestan		KZ	10	6
Tellicherry		IN	13	6
Târgu Jiu	Targu Jiu	RO	19	6
Terni		IT	18	6
Terrebonne		CA	10	6
The Woodlands		US	TX	6
Tatuí	Tatui	BR	27	6
Trelew		AR	04	6
Tādpatri	Tadpatri	IN	02	6
Tulcea		RO	37	6
Tepatitlán de Morelos	Tepatitlan de Morelos	MX	14	6
Timóteo	Timoteo	BR	15	6
Tourcoing		FR	32	6
Thủ Dầu Một	Thu Dau Mot	VN	75	6
Tongren		CN	18	6
Ţahţā	Tahta	EG	24	6
Tsuyama		JP	31	5
Tartouss		SY	14	5
Tinsukia		IN	03	5
Talavera de la Reina		ES	54	5
Toms River		US	NJ	5
Târgovişte	Targoviste	RO	16	5
Tāndā	Tanda	IN	36	5
Tiruchengode		IN	25	5
Tracy		US	CA	5
Tumaco		CO	20	5
Tulcán	Tulcan	EC	05	5
Tagbilaran City		PH	07	5
Torre del Greco		IT	04	5
Tecomán	Tecoman	MX	08	5
Tārūt	Tarut	SA	06	5
Thakhèk	Thakhek	LA	15	5
Túxpam de Rodríguez Cano	Tuxpam de Rodriguez Cano	MX	30	5
Tlaxcala		MX	29	5
Trinidad		BO	03	5
Trenton		US	NJ	5
Tübingen	Tuebingen	DE	01	5
Troy		US	MI	5
Taourirt		MA	02	5
Troitsk		RU	13	5
Toledo		ES	54	5
Tinaquillo		VE	08	5
Tochigi		JP	38	5
Tanashichō	Tanashicho	JP	40	5
Tamworth		GB	ENG	5
Tangping		CN	30	5
Tatebayashi		JP	10	5
Toride		JP	14	5
Tustin		US	CA	5
Tahoua		NE	06	5
Trento		IT	17	5
Taixing		CN	04	5
Tangjiazhuang		CN	10	5
Tambacounda		SN	05	5
Tumen		CN	05	5
Três Lagoas	Tres Lagoas	BR	11	5
Torrent		ES	60	5
Town 'n' Country		US	FL	5
Treviso		IT	20	5
Tsurusaki		JP	30	5
Tucuruí	Tucurui	BR	16	5
Tuban		ID	08	5
Takefu		JP	06	5
Tarub		ID	07	5
Turbat		PK	02	5
Troisdorf		DE	07	4
Tīkamgarh	Tikamgarh	IN	35	4
Tatvan		TR	13	4
Taman Senai		MY	01	4
Tamanrasset		DZ	53	4
Tetovo		MK	E8	4
Tando Muhammad Khan		PK	05	4
Turlock		US	CA	4
Temple		US	TX	4
Três Rios	Tres Rios	BR	21	4
Tākestān	Takestan	IR	38	4
Triyuga		NP	1	4
Tagaytay		PH	40	4
Taroudant		MA	09	4
Thākurgaon	Thakurgaon	BD	87	4
Tenri		JP	28	4
Tatabánya	Tatabanya	HU	12	4
Taungdwingyi		MM	15	4
Tiflet		MA	04	4
Talipparamba		IN	13	4
Tindivanam		IN	25	4
Trnava		SK	07	4
Totonicapán	Totonicapan	GT	21	4
Techiman		GH	14	4
Tuy Hòa	Tuy Hoa	VN	61	4
Tanabe		JP	43	4
Toba Tek Singh		PK	04	4
Tantou		CN	07	4
Tuymazy		RU	08	4
Tsuruga		JP	06	4
Tanauan		PH	40	4
Türkmenbaşy	Turkmenbasy	TM	02	4
Tanuku		IN	02	4
Tolga		DZ	19	4
Tangzhai		CN	01	4
Tamano		JP	31	4
Tournai		BE	WAL	4
Tsushima		JP	01	4
Toukh		EG	12	4
Tejen		TM	01	4
Tubarão	Tubarao	BR	26	4
Tomaszów Mazowiecki	Tomaszow Mazowiecki	PL	74	4
Trang		TH	65	4
Takayama		JP	09	4
Tailai		CN	08	4
Tōgane	Togane	JP	04	4
Tanabe		JP	22	4
Thenkasi		IN	25	4
Torremolinos		ES	51	4
Tendō	Tendo	JP	44	4
Torquay		GB	ENG	4
Tultepec		MX	15	4
Talisay		PH	06	4
Tulungagung		ID	08	4
Tân An	Tan An	VN	24	4
Tecate		MX	02	4
Tamarac		US	FL	4
Taunton		GB	ENG	4
Talavera		PH	03	4
Tikhoretsk		RU	38	4
Tallaght		IE	L	4
Taloqan		AF	26	4
Tuapse		RU	38	4
Tulangan Utara		ID	08	4
Thành Phố Uông Bí	Thanh Pho Uong Bi	VN	30	4
Tura		IN	18	4
Tosu		JP	33	4
Três Corações	Tres Coracoes	BR	15	4
Teluk Intan		MY	07	4
Tāndūr	Tandur	IN	40	4
Tokmok		KG	02	4
Tataouine		TN	34	4
Tonypandy		GB	WLS	4
Tesistán	Tesistan	MX	14	4
Tanjung Pandan		ID	35	4
Tulare		US	CA	4
Tungipāra	Tungipara	BD	81	4
Tinongan		PH	06	4
Tikhvin		RU	42	4
Tupã	Tupa	BR	27	4
Tan-Tan		MA	10	4
Tríkala	Trikala	GR	ESYE14	4
Taylor		US	MI	4
Toki		JP	09	4
Tianchang		CN	10	4
Tissemsilt		DZ	56	4
Tiptūr	Tiptur	IN	19	4
Tarnowskie Góry	Tarnowskie Gory	PL	83	4
Tahe		CN	08	4
Terre Haute		US	IN	4
Tartagal		AR	17	4
Tianpeng		CN	32	4
Troyes		FR	44	4
Taylorsville		US	UT	4
Takaishi		JP	32	4
Trinidad		CU	14	4
Taozhuang		CN	25	4
Tczew		PL	82	4
Tanay		PH	40	3
Temerluh		MY	06	3
Tozkhurmato		IQ	18	3
Tohāna	Tohana	IN	10	3
Talnakh		RU	91	3
Tam Kỳ	Tam Ky	VN	84	3
Torbat-e Jām	Torbat-e Jam	IR	42	3
Telêmaco Borba	Telemaco Borba	BR	18	3
Tezpur		IN	03	3
Thiruvarur		IN	25	3
Teziutlan		MX	21	3
Trapani		IT	15	3
Tarn Tāran	Tarn Taran	IN	23	3
Tongchuan		CN	32	3
Trenčín	Trencin	SK	06	3
Täby	Taby	SE	26	3
Tabaco		PH	05	3
Trà Vinh	Tra Vinh	VN	67	3
Tiruvalla		IN	13	3
Tinley Park		US	IL	3
Tilhar		IN	36	3
Taunton		US	MA	3
Tempelhof	Tempelhof Bezirk	DE	16	3
Turbaco		CO	35	3
Tiko		CM	09	3
Tirhanimîne	Tirhanimine	MA	01	3
Tsévié	Tsevie	TG	24	3
Tomigusuku		JP	47	3
Taikang		CN	08	3
Torrelavega		ES	39	3
Tamiami		US	FL	3
Towson		US	MD	3
Tiznit		MA	09	3
Tirur		IN	13	3
Tacurong		PH	12	3
Turda		RO	13	3
Tiruttangal		IN	25	3
Tharyarwady		MM	16	3
Trujillo Alto		PR	139	3
Trani		IT	13	3
Timashëvsk	Timashevsk	RU	38	3
Tiquipaya		BO	02	3
Tingo María	Tingo Maria	PE	10	3
Tanjungagung		ID	32	3
Thái Bình	Thai Binh	VN	35	3
Tha Maka		TH	50	3
Tuni		IN	02	3
Terbanggi Besar		ID	15	3
Thongwa		MM	17	3
Tromsø	Tromso	NO	54	3
Taxco de Alarcón	Taxco de Alarcon	MX	12	3
Tavşanlı	Tavsanli	TR	43	3
Tarbes		FR	76	3
Ta Khmau		KH	07	3
Thomazeau		HT	11	3
Tacuarembó	Tacuarembo	UY	18	3
Talagante		CL	12	3
Telerghma		DZ	48	3
Tagawa		JP	07	3
Tachilek		MM	11	3
Takāb	Takab	IR	01	3
Tucupita		VE	09	3
Talā	Tala	EG	09	3
The Villages		US	FL	3
Tarma		PE	12	3
Tulun		RU	20	3
Teoloyucan		MX	15	3
Tigard		US	OR	3
Teplice		CZ	89	3
Tadmur		SY	11	3
The Hammocks		US	FL	3
Tūndla	Tundla	IN	36	3
Tocumen		PA	08	3
Turbo		CO	02	3
Tarnobrzeg		PL	80	3
Tafo		GH	02	3
Torbalı	Torbali	TR	35	3
Taquaritinga		BR	27	3
Tateyama		JP	04	3
Tipitapa		NI	10	3
Tabas		IR	40	3
Troy		US	NY	3
Tokoname		JP	01	3
Tomioka		JP	10	3
Timimoun		DZ	34	3
Touggourt		DZ	50	3
Trstenik		RS	SE	3
T’aebaek	T'aebaek	KR	06	3
Tamlūk	Tamluk	IN	28	3
Trollhättan	Trollhaettan	SE	28	3
Torzhok		RU	77	3
Tafí Viejo	Tafi Viejo	AR	24	3
Tiruvallur		IN	25	3
Taquara		BR	23	3
Titahari		NP	1	3
Tierra Blanca		MX	30	3
Talegaon Dābhāde	Talegaon Dabhade	IN	16	3
Texas City		US	TX	3
Tamworth		AU	02	3
Twin Falls		US	ID	3
Tire		TR	35	3
Tres Arroyos		AR	01	3
Tipton		GB	ENG	3
Tlapa de Comonfort		MX	12	3
Tizimín	Tizimin	MX	31	3
Ţāmiyah	Tamiyah	EG	04	3
Tomé	Tome	CL	06	3
Twante		MM	17	3
Toyooka		JP	13	3
Teghra		IN	34	3
Tindouf		DZ	54	3
Tianguá	Tiangua	BR	06	3
Tamana		JP	21	3
Titusville		US	FL	3
Tôlanaro	Tolanaro	MG	53	3
Takikawa		JP	12	3
Timbaúba	Timbauba	BR	30	3
Tung Chung		HK	NIS	3
Tuckahoe		US	VA	2
Talagang		PK	04	2
Tefé	Tefe	BR	04	2
Taunsa		PK	04	2
Tānda	Tanda	IN	36	2
Ṭikāpur	Tikapur	NP	7	2
Thoubāl	Thoubal	IN	17	2
Thionville		FR	44	2
Thatta		PK	05	2
Tsubame		JP	29	2
Ţūlkarm	Tulkarm	PS	WE	2
Thohoyandou		ZA	09	2
Tutayev		RU	88	2
Três Pontas	Tres Pontas	BR	15	2
Torre Annunziata		IT	04	2
Tizayuca		MX	13	2
Tumsar		IN	16	2
Timmins		CA	08	2
Tirupparangunram		IN	25	2
Tha Yang		TH	56	2
Talence		FR	75	2
Tamamura		JP	10	2
Thān	Than	IN	09	2
Tomiya		JP	24	2
Tikrīt	Tikrit	IQ	18	2
Talghar		KZ	01	2
Thun		CH	BE	2
Tres Cantos		ES	29	2
The Colony		US	TX	2
Toretsk		UA	05	2
Taketoyo		JP	01	2
Tazoult-Lambese		DZ	03	2
Tortuguitas		AR	01	2
Timizart		DZ	14	2
Tecuci		RO	18	2
Tōkamachi	Tokamachi	JP	29	2
Tebesbest		DZ	50	2
Trowbridge		GB	ENG	2
Tumba		SE	26	2
Turaif		SA	15	2
Tiel		NL	03	2
Teknāf	Teknaf	BD	84	2
Takahama		JP	01	2
Tororo		UG	E	2
Tarawa		KI	01	2
Tosno		RU	42	2
Tāki	Taki	IN	28	2
Teaneck		US	NJ	2
Ţubarjal	Tubarjal	SA	20	2
Tatsunochō-tominaga	Tatsunocho-tominaga	JP	13	2
Thiruthani		IN	25	2
Thakurdwara		IN	36	2
Tiberias		IL	03	2
Taal		PH	40	2
Turnhout		BE	VLG	2
Tual		ID	28	2
Tavda		RU	71	2
Tengréla	Tengrela	CI	87	2
Tacarigua		VE	07	2
Tanjay		PH	07	2
Tulsīpur	Tulsipur	NP	5	2
Talata Mafara		NG	57	2
Toumodi		CI	81	2
Tambopata		PE	17	2
Tønsberg	Tonsberg	NO	38	2
Tshela		CD	08	2
Třebíč	Trebic	CZ	80	2
The Acreage		US	FL	2
Tonbridge		GB	ENG	2
Tsubata		JP	15	2
Thaba Nchu		ZA	03	2
Tucumã	Tucuma	BR	16	2
Tallbīsah	Tallbisah	SY	11	2
Tank		PK	03	2
Tālcher	Talcher	IN	21	2
Třinec	Trinec	CZ	85	2
Tandlianwala		PK	04	2
Tahara		JP	01	2
Tepotzotlán	Tepotzotlan	MX	15	2
Trujillo		VE	21	2
Tomelloso		ES	54	2
Thanatpin		MM	16	2
Tarikere		IN	19	2
Targovishte		BG	60	2
Tayshet		RU	20	2
Tenkodogo		BF	04	2
Troitsk		RU	48	2
Tāybād	Taybad	IR	42	2
Tonekābon	Tonekabon	IR	35	2
Tynda		RU	05	2
Tayabas		PH	40	2
Texarkana		US	TX	2
Tomobe		JP	14	2
Tursunzoda		TJ	RR	2
Talas		TR	38	2
Tinghir		MA	08	2
Tunduma		TZ	32	2
Temryuk		RU	38	2
Tây Ninh	Tay Ninh	VN	33	2
Tuyên Quang	Tuyen Quang	VN	68	2
Temple City		US	CA	2
Topi		PK	03	2
Tábor	Tabor	CZ	79	2
Teramo		IT	01	2
Trumbull		US	CT	2
Teykovo		RU	21	2
Tyldesley		GB	ENG	2
Tagudin		PH	01	2
Tessaoua		NE	04	2
Tupelo		US	MS	2
Tuljāpur	Tuljapur	IN	16	2
Tremblay-en-France		FR	11	2
Tibati		CM	10	2
Tala		MX	14	2
Teruel		ES	52	2
Tlapacoyan		MX	30	2
Tonalá	Tonala	MX	05	2
Tha Bo		TH	17	2
Talas		KG	06	2
Tortosa		ES	56	2
Tangkak		MY	01	2
Tiassalé	Tiassale	CI	82	2
Tozeur		TN	35	2
Tarkwa		GH	09	2
Tāsgaon	Tasgaon	IN	16	2
Tokmak		UA	26	2
Torrington		US	CT	2
Tuttlingen		DE	01	2
Tramandaí	Tramandai	BR	23	2
Tuusula		FI	01	2
Theunissen		ZA	03	2
Tudela		ES	32	2
Teresa		PH	40	2
Tādif	Tadif	SY	09	2
Ti Port-de-Paix		HT	03	2
Trëkhgornyy	Trekhgornyy	RU	13	2
Thul		PK	05	2
Tarneit		AU	07	2
Tādepalle	Tadepalle	IN	02	2
Tsuma		JP	25	2
Tegel		DE	16	2
Takeochō-takeo	Takeocho-takeo	JP	33	2
Totton		GB	ENG	2
Tepeji del Río de Ocampo	Tepeji del Rio de Ocampo	MX	13	2
Tomé Açu	Tome Acu	BR	16	2
Timbó	Timbo	BR	26	2
Tuensang		IN	20	2
Throgs Neck		US	NY	2
Tabanan		ID	02	2
Takahagi		JP	14	2
Thāna Bhawan	Thana Bhawan	IN	36	2
Tondano		ID	31	2
Trebinje		BA	02	2
Tooele		US	UT	2
Tarime		TZ	08	2
Tumbi		TZ	17	2
Tanggulangin		ID	08	2
Taounate		MA	03	2
Ticul		MX	31	2
Torres		BR	23	2
Tangjin		KR	17	2
Tawaramoto		JP	28	2
Tenosique		MX	27	2
Tamalous		DZ	31	2
Timbuktu		ML	08	2
Turaiyūr	Turaiyur	IN	25	2
Tietê	Tiete	BR	27	2
Tienen		BE	VLG	2
Tremembé	Tremembe	BR	27	2
Thonon-les-Bains		FR	84	2
Tando Jam		PK	05	2
Torre-Pacheco		ES	31	2
Trutnov		CZ	82	2
Ţafas	Tafas	SY	06	2
Tucano		BR	05	2
Thornton-Cleveleys		GB	ENG	2
Travnik		BA	01	2
Tigre		AR	01	2
Termoli		IT	11	2
Terracina		IT	07	2
Taastrup		DK	17	2
Tocoa		HN	03	2
Tantoyuca		MX	30	2
Topki		RU	29	2
Takehara		JP	11	2
Tarakeswar		IN	28	2
Tagoloan		PH	10	2
Texarkana		US	AR	2
Télimélé	Telimele	GN	D	2
Tönisvorst	Toenisvorst	DE	07	2
Tlajomulco de Zúñiga	Tlajomulco de Zuniga	MX	14	2
Telsiai		LT	63	2
Tambo Grande		PE	20	2
Ts’khinvali	Ts'khinvali	GE	73	2
Talāja	Talaja	IN	09	1
Tiruchchendur		IN	25	1
Tsiombe		MG	52	1
Tongeren		BE	VLG	1
Tequisquiapan		MX	22	1
Tallkalakh		SY	11	1
Tobias Barreto		BR	28	1
Thiais		FR	11	1
Tangub		PH	10	1
Turek		PL	86	1
Taunusstein		DE	05	1
Tangi		PK	03	1
Tārānagar	Taranagar	IN	24	1
Togitsu		JP	27	1
Thal		PK	03	1
Tewksbury		US	MA	1
Tela		HN	01	1
Trelleborg		SE	27	1
Ţayyibat al Imām	Tayyibat al Imam	SY	10	1
Totana		ES	31	1
Tequila		MX	14	1
Tournefeuille		FR	76	1
Tanah Merah		MY	03	1
Tame		CO	03	1
Trenggalek		ID	08	1
Tarui		JP	09	1
Tunceli		TR	62	1
Tocache		PE	22	1
Tandag		PH	13	1
Turrialba		CR	02	1
Tsyurupyns’k	Tsyurupyns'k	UA	08	1
Turnu Măgurele	Turnu Magurele	RO	35	1
Tanuma		JP	38	1
Tecamachalco		MX	21	1
Târnăveni	Tarnaveni	RO	27	1
Tula de Allende		MX	13	1
Toshbuloq		UZ	06	1
Titlāgarh	Titlagarh	IN	21	1
Tukuyu		TZ	09	1
Terme		TR	55	1
Trappes		FR	11	1
Tirukkoyilur		IN	25	1
Tomilino		RU	47	1
Tampin		MY	05	1
Tabatinga		BR	04	1
Thung Song		TH	64	1
Talamba		PK	04	1
Tultitlán de Mariano Escobedo	Tultitlan de Mariano Escobedo	MX	15	1
Timaru		NZ	E9	1
Tizi Gheniff		DZ	40	1
Terneuzen		NL	10	1
Tālīkota	Talikota	IN	19	1
Tapah Road		MY	07	1
To‘rqao‘rg‘on	To`rqao`rg`on	UZ	06	1
Termas de Río Hondo	Termas de Rio Hondo	AR	22	1
Toyoshina		JP	26	1
Theniet el Had		DZ	35	1
Taurage		LT	62	1
Tomohon		ID	31	1
Tehri		IN	39	1
Tucker		US	GA	1
Tuxpan		MX	14	1
Touba		CI	97	1
Tepeaca		MX	21	1
Táriba	Tariba	VE	20	1
Tandaltī	Tandalti	SD	41	1
Taverny		FR	11	1
Tualatin		US	OR	1
Taquari		BR	23	1
Thomasville		US	NC	1
Tsiroanomandidy		MG	14	1
Tabuk		PH	15	1
Tara		RU	54	1
Triggiano		IT	13	1
Tōno	Tono	JP	16	1
Tha Muang		TH	50	1
Toshloq		UZ	03	1
Tekeli		KZ	01	1
Truskavets’	Truskavets'	UA	15	1
Trípoli	Tripoli	GR	ESYE25	1
Teapa		MX	27	1
Tujunga		US	CA	1
Tayu		ID	07	1
Terdāl	Terdal	IN	19	1
Takahata		JP	44	1
Taloda		IN	16	1
Tirmitine		DZ	14	1
Tierralta		CO	12	1
Temse		BE	VLG	1
Twentynine Palms		US	CA	1
Telabastagan		PH	03	1
Tamra		IL	03	1
Terlizzi		IT	13	1
Tha Kham		TH	60	1
Tahla		MA	03	1
Tecax		MX	31	1
Temple Terrace		US	FL	1
Thetford-Mines		CA	10	1
Tchamba		TG	22	1
Tacámbaro de Codallos	Tacambaro de Codallos	MX	16	1
Troy		US	OH	1
Tall Rif‘at	Tall Rif`at	SY	09	1
Treinta y Tres		UY	19	1
Tejupilco de Hidalgo		MX	15	1
Tougué	Tougue	GN	L	1
Tekkalakote		IN	19	1
Tipasa		DZ	55	1
Tatarsk		RU	53	1
Teluk Nibung		ID	26	1
Tanjungtiram		ID	26	1
Talisay		PH	40	1
Treviglio		IT	09	1
Thetford		GB	ENG	1
Takum		NG	26	1
Takahashi		JP	31	1
Talwāra	Talwara	IN	23	1
Tres Isletas		AR	03	1
Tharād	Tharad	IN	09	1
Tekkali		IN	02	1
Tarpon Springs		US	FL	1
Traralgon		AU	07	1
Tamazunchale		MX	24	1
Tocopilla		CL	03	1
Tbilisskaya		RU	38	1
Torres Vedras		PT	14	1
Tupaciguara		BR	15	1
Torcy		FR	11	1
Tbeng Meanchey		KH	13	1
Taiobeiras		BR	15	1
Tayga		RU	29	1
Thatcham		GB	ENG	1
Tippi		ET	54	1
Tak		TH	08	1
Trotwood		US	OH	1
Tanjung Tokong		MY	09	1
Tegina		NG	31	1
Tosya		TR	37	1
Toritama		BR	30	1
Tata		HU	12	1
Tāramangalam	Taramangalam	IN	25	1
Troitskaya		RU	19	1
Tanguá	Tangua	BR	21	1
Teocaltiche		MX	14	1
Tānsen	Tansen	NP	5	1
Tash-Kumyr		KG	03	1
Trucuk		ID	07	1
Tacoronte		ES	53	1
Teloloapan		MX	12	1
Tallkayf		IQ	15	1
Tadotsu		JP	17	1
Teotihuacán de Arista	Teotihuacan de Arista	MX	15	1
Terrytown		US	LA	1
Tamboril		DO	25	1
Toba		JP	23	1
Triolet		MU	16	1
Turabah		SA	14	1
Tcholliré	Tchollire	CM	13	1
Tūkrah	Tukrah	LY	66	1
Taesal-li		KR	17	1
Trairi		BR	06	1
Thị Trấn Tân Thành	Thi Tran Tan Thanh	VN	09	1
Tearce		MK	A5	1
Tochio-honchō	Tochio-honcho	JP	29	1
Truro		GB	ENG	1
Termini Imerese		IT	15	1
Trebišov	Trebisov	SK	03	1
Tralee		IE	M	1
Tremont		US	NY	1
Tixtla de Guerrero		MX	12	1
Tashtagol		RU	29	1
Thornlie		AU	08	1
Tarāna	Tarana	IN	35	1
Tomares		ES	51	1
Törökszentmiklós	Torokszentmiklos	HU	20	1
The Crossings		US	FL	1
Tortona		IT	12	1
Tennō	Tenno	JP	02	1
Tequixquiac		MX	15	1
Todaraisingh		IN	24	1
Teotihuacán	Teotihuacan	MX	15	1
Todabhim		IN	24	1
Tiruppuvanam		IN	25	1
Takanabe		JP	25	1
Tulsīpur	Tulsipur	IN	36	1
Tijucas		BR	26	1
Taupo		NZ	G1	1
Tha Mai		TH	48	1
Tejar		CR	08	1
Tizi-n-Tleta		DZ	14	1
Thornaby-on-Tees		GB	ENG	1
Tanjung Sepat		MY	12	1
Tokār	Tokar	SD	36	1
Tupiza		BO	07	1
Tadjourah		DJ	05	1
Tinnanūr	Tinnanur	IN	25	1
Tinde		TZ	15	1
Tsurugi-asahimachi		JP	15	1
Tékane	Tekane	MR	06	1
Thívai	Thivai	GR	ESYE24	1
Tivoli		IT	07	1
Torre del Mar		ES	51	1
Tecpán Guatemala	Tecpan Guatemala	GT	03	1
Toyohama		JP	01	1
Taphan Hin		TH	13	1
Toguchin		RU	53	1
Tubize		BE	WAL	1
Teutônia	Teutonia	BR	23	1
Tijāra	Tijara	IN	24	1
Tōbetsu	Tobetsu	JP	12	1
Telavi		GE	67	1
Torrelodones		ES	29	1
Tenango de Arista		MX	15	1
Tuxpan		MX	18	1
Tepecik		TR	34	1
Tsukumiura		JP	30	1
Taylors		US	SC	1
Trat		TH	49	1
Tsawwassen		CA	02	1
Tanki Leendert		AW	00	1
Tatsuno		JP	26	1
Taquarituba		BR	27	1
Trinidad		UY	06	1
Traunreut		DE	02	1
Tornio		FI	19	1
Terek		RU	22	1
Troyan		BG	46	1
Tanushimarumachi-toyoki		JP	07	1
Talhar		PK	05	1
Telhāra	Telhara	IN	16	1
Thiene		IT	20	1
Téra	Tera	NE	09	1
Três Coroas	Tres Coroas	BR	23	1
Trussville		US	AL	1
Taïbet	Taibet	DZ	50	1
Tchaourou		BJ	10	1
Tadmaït	Tadmait	DZ	40	1
Tambuwal		NG	51	1
Tor Lupara		IT	07	1
Tharangambadi		IN	25	1
Tirah		IL	02	1
Thamaga		BW	06	1
Trofa		PT	17	1
Tŭytepa	Tuytepa	UZ	14	1
Takelsa		TN	19	1
Truro		CA	07	1
Truganina		AU	07	1
Tervuren		BE	VLG	1
T’ongch’ŏn-ŭp	T'ongch'on-up	KP	09	1
Takanosu		JP	02	1
Târgu Neamţ	Targu Neamt	RO	28	1
Thomastown		AU	07	1
Terrazas del Valle		MX	02	1
Tufānganj	Tufanganj	IN	28	1
Taloc		PH	06	1
Tisaiyanvilai		IN	25	1
Tubbergen		NL	15	1
Tomaszów Lubelski	Tomaszow Lubelski	PL	75	1
Tegelen		NL	05	1
Túquerres	Tuquerres	CO	20	1
Tanda		CI	92	1
Tyrnyauz		RU	22	1
Târgu Secuiesc	Targu Secuiesc	RO	15	1
Ternate		PH	40	1
Torit		SS	11550567	1
Tibiri		NE	04	1
Tukwila		US	WA	1
Trezzano sul Naviglio		IT	09	1
Tekirova		TR	07	1
Tambaú	Tambau	BR	27	1
Tías	Tias	ES	53	1
Tanguiéta	Tanguieta	BJ	08	1
Tewkesbury		GB	ENG	1
Tamuning		GU	TM	1
Tamuning-Tumon-Harmon Village		GU	TM	1
Tongelre		NL	06	1
Tysons Corner		US	VA	1
Tiverton		GB	ENG	1
Teltow		DE	11	1
Terrace		CA	02	1
Trecate		IT	12	1
Teguise		ES	53	1
Taft		IR	40	1
Telgte		DE	07	1
Tchibanga		GA	05	1
Toktogul		KG	03	1
Trindade		BR	30	1
Tāoru	Taoru	IN	10	1
Tielt		BE	VLG	1
Tillabéri	Tillaberi	NE	09	1
Taşova	Tasova	TR	05	1
Tumwater		US	WA	1
Tomar		PT	18	1
Tutong		BN	04	1
Tarumizu		JP	18	1
Titao		BF	10	1
Tullahoma		US	TN	1
Tha Ruea		TH	36	1
Talitsa		RU	71	1
Tekāri	Tekari	IN	34	1
Tirat Karmel		IL	04	1
Torhout		BE	VLG	1
Tajerouine		TN	14	1
Tal’menka	Tal'menka	RU	04	1
Twinsburg		US	OH	1
Troy		US	AL	1
Trzebinia		PL	77	1
Tamazula de Gordiano		MX	14	1
Torgau		DE	13	1
Thomasville		US	GA	1
Tsirang		BT	07	1
Talitsa		RU	71	1
Tapes		BR	23	1
Tarko-Sale		RU	87	1
Turinsk		RU	71	1
Trudovoye		RU	59	1
Thoen		TH	06	1
Traunstein		DE	02	1
Turar Ryskulov		KZ	10	1
Trenton		US	MI	1
Tsukawaki		JP	30	1
Tukums		LV	29	1
Thāsra	Thasra	IN	09	1
Tlaquiltenango		MX	17	1
Thornbury		AU	07	1
Três de Maio	Tres de Maio	BR	23	1
Tourlaville		FR	28	1
Tulum		MX	23	1
Tanabi		BR	27	1
Thorold		CA	08	1
Tavernes de la Valldigna		ES	60	1
Tiquisate		GT	06	1
Terter		AZ	57	1
Tettnang		DE	01	1
Tolosa		ES	59	1
Tirumala		IN	02	1
Tres de Mayo		MX	17	1
Tamandaré	Tamandare	BR	30	1
Timbiras		BR	13	1
Tizi Rached		DZ	14	1
Takhatpur		IN	37	1
Tqvarch'eli		GE	02	1
Teo		ES	58	1
Tarifa		ES	51	1
Taufkirchen		DE	02	1
Tinton Falls		US	NJ	1
Tonota		BW	01	1
Tunapuna		TT	TUP	1
Takoma Park		US	MD	1
Tharu Shah		PK	05	1
Tiffin		US	OH	1
Toul		FR	44	1
Templin		DE	11	1
Tapolca		HU	23	1
Tougan		BF	01	1
Tājpur	Tajpur	IN	36	1
Tallmadge		US	OH	1
Taşköprü	Taskopru	TR	37	1
Tupanciretã	Tupancireta	BR	23	1
Teignmouth		GB	ENG	1
Tynemouth		GB	ENG	1
Tillmans Corner		US	AL	1
Tonj		SS	11550563	1
Tres Valles		MX	30	1
Tiszaújváros	Tiszaujvaros	HU	04	1
Thorne		GB	ENG	1
Três Passos	Tres Passos	BR	23	1
Takhatgarh		IN	24	1
Tui		ES	58	1
Tak Bai		TH	31	1
Torvaianica		IT	07	1
Tekkeköy	Tekkekoy	TR	55	1
Tena		EC	23	1
Tradate		IT	09	1
Taleigao		IN	33	1
Terzigno		IT	04	1
Tabou		CI	76	1
Tirebolu		TR	28	1
Tensta		SE	26	1
Trentola-Ducenta		IT	04	1
Tandahimba		TZ	11	1
Terrell		US	TX	1
Tulle		FR	75	1
Torremaggiore		IT	13	1
Tzaneen		ZA	09	1
Tuen Mun		HK	NTM	1
Tezoyuca		MX	15	1
Tabira		BR	30	1
Tassin-la-Demi-Lune		FR	84	1
Trzcianka		PL	86	1
Tanakpur		IN	39	1
Tanque Verde		US	AZ	1
Torrox		ES	51	1
Tuchkovo		RU	47	1
Tiwi		PH	05	1
Tsaratanana		MG	43	1
Ts’q’alt’ubo	Ts'q'alt'ubo	GE	66	1
Tifton		US	GA	1
Taylor		US	TX	1
Tagta		TM	03	1
Troutdale		US	OR	1
Thap Than		TH	15	1
Taradale		NZ	F2	1
Tahlequah		US	OK	1
Teonthar		IN	35	1
Tessenderlo		BE	VLG	1
Tanauan		PH	08	1
Tapiramutá	Tapiramuta	BR	05	1
Tàrrega	Tarrega	ES	56	1
Tarauacá	Tarauaca	BR	01	1
Tupi		PH	12	1
Tonoshō	Tonosho	JP	17	1
Tolentino		IT	10	1
Turgutreis		TR	48	1
Tondi		IN	25	1
Tasbuget		KZ	14	1
Tuntum		BR	13	1
Tlaltenango de Sánchez Román	Tlaltenango de Sanchez Roman	MX	32	1
Talwandi Bhai		IN	23	1
Talne		UA	01	1
The Gap		AU	04	1
Takedamachi		JP	30	1
Taree		AU	02	1
Tamuín	Tamuin	MX	24	1
Tingi		TZ	14	1
Templestowe		AU	07	1
Tai Po		HK	NTP	1
Truckee		US	CA	1
Teolocholco		MX	29	1
Teopisca		MX	05	1
Thenia		DZ	40	1
Tulchyn		UA	23	1
Trubchevsk		RU	10	1
Tepatlaxco de Hidalgo		MX	21	1
Thala		TN	02	1
Tonga		CM	08	1
Tullinge		SE	26	1
Tongging		ID	26	1
Tsotsin-Yurt		RU	12	1
Thākurganj	Thakurganj	IN	34	1
Trento		PH	13	1
Tecámac de Felipe Villanueva	Tecamac de Felipe Villanueva	MX	15	1
Tadley		GB	ENG	1
Talladega		US	AL	1
Tarancón	Tarancon	ES	54	1
Ţūbās	Tubas	PS	WE	1
Tulantongo		MX	15	1
Talacogon		PH	13	1
Thap Khlo		TH	13	1
Tergnier		FR	32	1
Tavares		US	FL	1
Tīrthahalli	Tirthahalli	IN	19	1
Taylors Lakes		AU	07	1
Terrace Heights		US	NY	1
Tordera		ES	56	1
Tsimlyansk		RU	61	1
The Dalles		US	OR	1
Tuzantla		MX	16	1
Tagas		PH	05	1
Torredembarra		ES	56	1
Tecámac	Tecamac	MX	15	1
Tepeapulco		MX	13	1
Telfs		AT	07	1
Tepalcatepec		MX	16	1
Traverse City		US	MI	1
Tanout		NE	07	1
Teodoro Sampaio		BR	27	1
Trbovlje		SI	D3	1
Tetla		MX	29	1
Tavira		PT	09	1
Técpan de Galeana	Tecpan de Galeana	MX	12	1
Trindade		BR	26	1
Tangancícuaro de Arista	Tangancicuaro de Arista	MX	15	1
Three Lakes		US	FL	1
Trossingen		DE	01	1
Tucumã	Tucuma	BR	16	1
Torres Novas		PT	18	1
Tórshavn	Torshavn	FO	ST	0
The Valley		AI	11205396	0