Cairo		EG	11	515
Chongqing		CN	33	497
Chengdu		CN	32	494
Chennai		IN	25	288
Changchun		CN	05	279
Chittagong		BD	84	261
Cape Town		ZA	11	228
Casablanca		MA	06	209
Changsha		CN	11	206
Caracas		VE	25	200
Chicago		US	IL	181
Cali		CO	29	159
Camayenne		GN	04	124
Conakry		GN	04	117
Curitiba		BR	18	114
Caloocan City		PH	NCR	100
Córdoba	Cordoba	AR	05	95
Copenhagen		DK	17	76
Ciudad Nezahualcoyotl		MX	15	73
Chelyabinsk		RU	13	70
Changshu City		CN	04	69
Campinas		BR	27	68
Calgary		CA	01	67
Chandigarh		IN	05	64
Coimbatore		IN	25	63
Cartagena		CO	35	63
Changzhou		CN	04	63
Chiba		JP	04	61
Cochabamba		BO	02	60
Columbus		US	OH	56
Charlotte		US	NC	55
Callao		PE	07	54
Chihuahua		MX	06	53
Cebu City		PH	07	53
Çankaya	Cankaya	TR	68	52
Cotonou		BJ	14	52
Ciudad Guayana		VE	06	49
Campo Grande		BR	11	48
Cúcuta	Cucuta	CO	21	48
City of Balikpapan		ID	14	46
Changzhi		CN	24	46
Culiacán	Culiacan	MX	25	45
Colombo		LK	36	43
Chisinau		MD	57	42
Cheongju-si		KR	05	42
Cancún	Cancun	MX	23	41
Contagem		BR	15	41
Coyoacán	Coyoacan	MX	09	41
Cochin		IN	13	40
Cuttack		IN	21	38
Chiclayo		PE	14	38
Changwon		KR	20	36
Cuauhtémoc	Cuauhtemoc	MX	09	35
Cangzhou		CN	10	35
Cuiabá	Cuiaba	BR	14	34
Changde		CN	11	34
Cimahi		ID	30	32
Ciudad López Mateos	Ciudad Lopez Mateos	MX	15	32
Cuautitlán Izcalli	Cuautitlan Izcalli	MX	15	32
Ciudad Apodaca		MX	19	31
Calabar		NG	22	30
Colorado Springs		US	CO	30
Constantine		DZ	04	30
Chengde		CN	10	29
Cardiff		GB	WLS	29
Cheboksary		RU	16	29
Cagayan de Oro		PH	10	29
Carrefour		HT	11	29
Chaozhou		CN	30	28
Chaoyang		CN	19	27
Comilla		BD	84	25
Cleveland		US	OH	25
Campos dos Goytacazes		BR	21	25
Caxias do Sul		BR	23	25
Canberra		AU	01	24
Cheonan		KR	17	24
Christchurch		NZ	E9	24
Carapicuíba	Carapicuiba	BR	27	24
Coventry		GB	ENG	23
Ciudad General Escobedo		MX	19	23
Campina Grande		BR	17	23
Camagüey	Camaguey	CU	05	23
Chifeng		CN	20	23
Celaya		MX	11	22
Chitungwiza		ZW	10	22
Corrientes		AR	06	22
Cuernavaca		MX	17	22
Ciudad Bolívar	Ciudad Bolivar	VE	06	22
Córdoba	Cordoba	ES	51	21
Chānda	Chanda	IN	16	21
Canoas		BR	23	21
Chongjin		KP	17	21
Corpus Christi		US	TX	21
Ciudad del Este		PY	01	21
Chimbote		PE	02	21
Cluj-Napoca		RO	13	21
Calamba		PH	40	21
Cherepovets		RU	85	21
Cusco		PE	08	20
Cabuyao		PH	40	20
Chita		RU	93	20
Chernihiv		UA	02	20
Chinju		KR	20	20
Ciudad Victoria		MX	28	20
Craiova		RO	17	20
Constanţa	Constanta	RO	14	20
Ciudad Obregón	Ciudad Obregon	MX	26	19
Cherkasy		UA	01	19
Cincinnati		US	OH	19
Catania		IT	15	19
Cainta		PH	40	18
Chuzhou		CN	01	18
Coacalco		MX	15	18
Cuenca		EC	02	18
Caucaia		BR	06	18
Chengzhong		CN	12	17
Chula Vista		US	CA	17
Chandler		US	AZ	17
Cần Thơ	Can Tho	VN	87	17
Cumaná	Cumana	VE	19	17
Cascavel		BR	18	17
Chimoio		MZ	10	17
Cirebon		ID	30	16
Cox’s Bāzār	Cox's Bazar	BD	84	16
Carabanchel		ES	29	16
Colonia del Valle		MX	09	16
Częstochowa	Czestochowa	PL	83	16
City of Westminster		GB	ENG	16
Chemnitz		DE	13	16
Chernivtsi		UA	03	15
Coatzacoalcos		MX	30	15
Chesapeake		US	VA	15
Caruaru		BR	30	15
Centurion		ZA	06	15
Chigasaki		JP	19	15
Croix-des-Bouquets		HT	11	15
Ciudad Lineal		ES	29	15
Campeche		MX	04	14
Cabanatuan City		PH	03	14
Chon Buri		TH	46	14
Colombo		BR	18	14
Concepción	Concepcion	CL	06	14
Centralniy		RU	66	14
Chōfu	Chofu	JP	40	14
Cartagena		ES	31	14
Chuncheon		KR	06	13
Ciputat		ID	30	13
Ciampea		ID	30	13
Çorlu	Corlu	TR	59	13
Cileungsir		ID	30	13
Chiniot		PK	04	13
Chāpra	Chapra	IN	34	13
Chiang Mai		TH	02	13
Cabimas		VE	23	13
Columbus		US	GA	13
Charleroi		BE	WAL	13
Chakwama		NG	39	13
Changji		CN	13	13
Capiatá	Capiata	PY	06	13
Ciudad Madero		MX	28	13
Coro		VE	11	13
Curug		ID	33	12
Cork		IE	M	12
Camaçari	Camacari	BR	05	12
Cibinong		ID	30	12
Chilpancingo		MX	12	12
Cachoeiro de Itapemirim		BR	08	12
Cienfuegos		CU	08	12
Cergy-Pontoise		FR	11	12
Çorum	Corum	TR	19	12
Cúa	Cua	VE	15	12
Carletonville		ZA	06	12
Chandannagar		IN	28	12
Crawley		GB	ENG	12
Castelló de la Plana	Castello de la Plana	ES	60	12
Cotabato		PH	14	11
Chenzhou		CN	11	11
Chlef		DZ	41	11
Ciudad Camilo Cienfuegos		CU	02	11
Chattanooga		US	TN	11
Cape Coral		US	FL	11
Cotia		BR	27	11
Cikupa		ID	30	11
Croydon		GB	ENG	11
Chicoloapan		MX	15	11
Carolina		PR	031	11
Ciudad del Carmen		MX	04	11
Chalco		MX	15	11
Chirchiq		UZ	14	11
Corona		US	CA	10
Criciúma	Criciuma	BR	26	10
Coquimbo		CL	07	10
Chapecó	Chapeco	BR	26	10
Cary		US	NC	10
Cuddalore		IN	25	10
Cambridge		GB	ENG	10
Centro Habana		CU	02	10
Cuautla		MX	17	10
Chincha Alta		PE	11	10
Cairns		AU	04	10
Chenghua		CN	30	10
Cần Giuộc	Can Giuoc	VN	24	10
Ciudad Benito Juárez	Ciudad Benito Juarez	MX	19	10
Chetumal		MX	23	10
Chillán	Chillan	CL	18	10
City Center		ES	29	9
Cagliari		IT	14	9
Clarksville		US	TN	9
Chingola		ZM	08	9
Chizhou		CN	01	9
Caxias		BR	13	9
Cam Ranh		VN	54	9
Chamberí	Chamberi	ES	29	9
Cikampek		ID	30	9
Concordia		AR	08	9
Cabo		BR	30	9
Calama		CL	03	9
Cape Coast		GH	04	9
Ciego de Ávila	Ciego de Avila	CU	07	9
Chertanovo Yuzhnoye		RU	48	9
Córdoba	Cordoba	MX	30	9
Comodoro Rivadavia		AR	04	9
Chamartín	Chamartin	ES	29	9
Coquitlam		CA	02	9
Choloma		HN	06	9
Clermont-Ferrand		FR	84	9
Chitradurga		IN	19	9
Chaohu		CN	01	9
Castanhal		BR	16	9
Colima		MX	08	9
Cẩm Phả Mines	Cam Pha Mines	VN	30	9
Cajamarca		PE	06	9
Chhindwāra	Chhindwara	IN	35	8
Cartago		CO	29	8
Ciudad Acuña	Ciudad Acuna	MX	07	8
Columbia		US	SC	8
Carrollton		US	TX	8
Charleston		US	SC	8
Cerro		CU	02	8
Cedar Rapids		US	IA	8
Coral Springs		US	FL	8
Copiapó	Copiapo	CL	05	8
Charallave		VE	15	8
Cadiz		PH	06	8
Concord		US	CA	8
Cuddapah		IN	02	8
Cadiz		ES	51	8
Chinandega		NI	03	8
Ciudad Valles		MX	24	8
Ciamis		ID	30	8
Chishtian		PK	04	8
Colchester		GB	ENG	8
Chikmagalūr	Chikmagalur	IN	19	8
Cachoeirinha		BR	23	8
Cambridge		CA	08	8
Charlottenburg	Charlottenburg Bezirk	DE	16	7
Columbia		US	MO	7
Cagua		VE	04	7
Cubatão	Cubatao	BR	27	7
Ciudad Delicias		MX	06	7
Ciudad de Villa de Álvarez	Ciudad de Villa de Alvarez	MX	08	7
Calabozo		VE	12	7
Čačak	Cacak	RS	SE	7
Cheltenham		GB	ENG	7
Cherkessk		RU	27	7
Cavite City		PH	40	7
Cuauhtémoc	Cuauhtemoc	MX	06	7
Cuito		AO	02	7
Carlsbad		US	CA	7
Chorzów	Chorzow	PL	83	7
Costa Mesa		US	CA	7
Chesterfield		GB	ENG	7
Clearwater		US	FL	7
Chanduasi		IN	36	7
Chās	Chas	IN	38	7
Carúpano	Carupano	VE	19	7
Cà Mau	Ca Mau	VN	77	7
Conselheiro Lafaiete		BR	15	7
Chhatarpur		IN	35	7
Chelmsford		GB	ENG	7
Cileunyi		ID	30	7
Caen		FR	28	7
Cambridge		US	MA	7
Citeureup		ID	30	7
Centennial		US	CO	7
Corona		US	NY	7
Catanduva		BR	27	7
Cuautitlán	Cuautitlan	MX	15	7
Cabo Frio		BR	21	7
College Station		US	TX	7
Catia La Mar		VE	26	7
Chittaurgarh		IN	24	7
Cherëmushki	Cheremushki	RU	48	7
Coimbra		PT	07	7
Cikarang		ID	30	7
Chengtangcun		CN	25	7
Clovis		US	CA	6
Chūru	Churu	IN	24	6
Curicó	Curico	CL	11	6
Concepción de La Vega	Concepcion de La Vega	DO	30	6
Ciutat Vella		ES	56	6
Chakwal		PK	04	6
Colatina		BR	08	6
Coronel Fabriciano		BR	15	6
Chinatown		US	CA	6
Chikushino-shi		JP	07	6
Colonia Lindavista		MX	15	6
Chanthaburi		TH	48	6
Clinton Township		US	MI	6
Columbia		US	MD	6
Cárdenas	Cardenas	CU	03	6
Compton		US	CA	6
Chengzihe		CN	08	6
Ciudad Guzmán	Ciudad Guzman	MX	14	6
Comitán	Comitan	MX	05	6
Chinautla		GT	07	6
Corumbá	Corumba	BR	11	6
Chālisgaon	Chalisgaon	IN	16	6
Ceyhan		TR	81	6
České Budějovice	Ceske Budejovice	CZ	79	6
Ciudad Río Bravo	Ciudad Rio Bravo	MX	28	6
Charsadda		PK	03	6
Campo Largo		BR	18	6
Chilakalūrupet	Chilakalurupet	IN	02	6
Cacém	Cacem	PT	14	6
Carora		VE	13	6
Closepet		IN	19	6
Carson		US	CA	6
Changping		CN	22	6
Cáceres	Caceres	ES	57	6
Chitose		JP	12	6
Coronel		CL	06	6
Caringin		ID	30	6
Calumpit		PH	03	6
Cárdenas	Cardenas	MX	27	6
Cambé	Cambe	BR	18	6
Chauk		MM	15	6
Caraguatatuba		BR	27	6
Chester		GB	ENG	6
Chico		US	CA	6
Coslada		ES	29	6
Chinatown		US	NY	6
Cicurug		ID	30	5
Crato		BR	06	5
Carmel		US	IN	5
Contai		IN	28	5
Chosica		PE	15	5
Chaman		PK	02	5
Ciénaga	Cienaga	CO	38	5
Cholula		MX	21	5
Çanakkale	Canakkale	TR	17	5
Concord		US	NC	5
Canarsie		US	NY	5
Caieiras		BR	27	5
Citrus Heights		US	CA	5
Chīrāla	Chirala	IN	02	5
Canton		US	MI	5
Caguas		PR	025	5
Chaykovskiy		RU	90	5
Cornellà de Llobregat	Cornella de Llobregat	ES	56	5
Clifton		US	NJ	5
Cannock		GB	ENG	5
Champaign		US	IL	5
Chipata		ZM	03	5
Chino		US	CA	5
Courbevoie		FR	11	5
Créteil	Creteil	FR	11	5
Ciudad Mante		MX	28	5
Cottbus		DE	11	5
Çerkezköy	Cerkezkoey	TR	59	5
Curepipe		MU	17	5
Cicero		US	IL	5
Codó	Codo	BR	13	5
Chervonohrad		UA	15	5
Chichawatni		PK	04	5
Changqing		CN	25	5
Chiguayante		CL	06	5
Cukai		MY	13	5
Chimaltenango		GT	03	5
Colombes		FR	11	5
Como		IT	09	5
Campana		AR	01	5
Cranston		US	RI	5
Cizre		TR	80	5
Cung Kiệm	Cung Kiem	VN	74	5
Cruzeiro do Sul		BR	01	5
Chichicastenango		GT	14	5
Ciudad Lerdo		MX	10	5
Cesena		IT	05	5
Ciudad Lázaro Cárdenas	Ciudad Lazaro Cardenas	MX	16	5
Catanzaro		IT	03	5
Cerro de Pasco		PE	19	5
Chiang Rai		TH	03	5
Ceuta		ES	CE	5
Carlisle		GB	ENG	5
Chino Hills		US	CA	5
Castrop-Rauxel		DE	07	5
Ciranjang-hilir		ID	30	5
Chiclana de la Frontera		ES	51	5
Cozumel		MX	23	5
Coyah		GN	D	5
Chilliwack		CA	02	5
Champigny-sur-Marne		FR	11	5
Colón	Colon	PA	04	5
Camden		US	NJ	5
Ciudad Choluteca		HN	02	5
Chekhov		RU	47	5
Crewe		GB	ENG	5
Chatham		GB	ENG	5
Campo Mourão	Campo Mourao	BR	18	5
Chaoyang		CN	05	5
Cheektowaga		US	NY	5
Cipolletti		AR	16	5
Củ Chi	Cu Chi	VN	20	5
Cachoeira do Sul		BR	23	4
Changnyeong		KR	20	4
Calais		FR	32	4
Ciudad Real		ES	54	4
Chimbas		AR	18	4
Chāndpur	Chandpur	IN	36	4
Canary Wharf		GB	ENG	4
Cuamba		MZ	07	4
Caserta		IT	04	4
Caçapava	Cacapava	BR	27	4
Cheria		DZ	33	4
Capas		PH	03	4
Cruzeiro		BR	27	4
Caidian		CN	12	4
Canton		US	OH	4
Chintāmani	Chintamani	IN	19	4
Chelghoum el Aïd	Chelghoum el Aid	DZ	48	4
Chernogorsk		RU	31	4
Changtu		CN	19	4
Centreville		US	VA	4
Cinisello Balsamo		IT	09	4
Celle		DE	06	4
Carpina		BR	30	4
Cherry Hill		US	NJ	4
Contramaestre		CU	15	4
Cho Dok		VN	01	4
Chapayevsk		RU	65	4
Cannes		FR	93	4
Chenab Nagar		PK	04	4
Consolación del Sur	Consolacion del Sur	CU	01	4
Chālūs	Chalus	IR	35	4
Chuchar-kana Mandi		PK	04	4
Chulucanas		PE	20	4
Conroe		US	TX	4
Chinchiná	Chinchina	CO	37	4
Cabo San Lucas		MX	03	4
Cadereyta Jiménez	Cadereyta Jimenez	MX	19	4
Catbalogan		PH	08	4
Chełm	Chelm	PL	75	4
Chystyakove		UA	05	4
Cadereyta		MX	19	4
Chamrajnagar		IN	19	4
Chaihe		CN	08	4
Calbayog City		PH	08	4
Campiña	Campina	ES	51	4
Concepción del Uruguay	Concepcion del Uruguay	AR	08	4
Camarillo		US	CA	4
Chaguanas		TT	CHA	4
Caohe		CN	12	4
City of Isabela		PH	14	4
Chiryū	Chiryu	JP	01	4
Casas Adobes		US	AZ	4
Channapatna		IN	19	4
Chengyang		CN	25	4
Chāībāsa	Chaibasa	IN	38	4
Cabinda		AO	03	4
Calapan		PH	41	4
Cedar Park		US	TX	4
Castellammare di Stabia		IT	04	4
Chingleput		IN	25	4
Chopda		IN	16	4
Caldas		CO	02	4
Colmar		FR	44	4
Cruz Alta		BR	23	4
Capelle aan den IJssel		NL	11	4
Conway		US	AR	4
Chust		UZ	06	4
Čair	Cair	MK	F6	4
Chacao		VE	15	4
Chía	Chia	CO	33	4
Changli		CN	10	4
Concepcion		PH	03	4
Chinnachowk		IN	02	4
Curvelo		BR	15	4
Cyangugu		RW	14	4
Colón	Colon	CU	03	4
Cosenza		IT	03	4
Cao Lãnh	Cao Lanh	VN	09	4
Caçador	Cacador	BR	26	4
Chokwé	Chokwe	MZ	02	4
Caldas Novas		BR	29	4
Catalão	Catalao	BR	29	4
Cheyenne		US	WY	4
Carol City		US	FL	4
Cataguases		BR	15	4
Çubuk	Cubuk	TR	68	4
Council Bluffs		US	IA	4
Coon Rapids		US	MN	4
Chistopol’	Chistopol'	RU	73	4
Calarcá	Calarca	CO	23	4
Castelldefels		ES	56	4
Carmichael		US	CA	4
Chinhoyi		ZW	05	4
Cortazar		MX	11	4
Chambéry	Chambery	FR	84	4
Cayenne		GF	GF	4
Castro Valley		US	CA	4
Chinch'ŏn	Chinch'on	KR	05	4
Candelaria		PH	40	4
Cumbum		IN	25	4
Canoga Park		US	CA	4
Cupertino		US	CA	4
Ciudad Hidalgo		MX	16	4
Castleford		GB	ENG	4
Casper		US	WY	4
Caratinga		BR	15	4
Coney Island		US	NY	4
Colonia Nativitas		MX	09	4
Chelsea		GB	ENG	4
Chapel Hill		US	NC	3
Cremona		IT	09	3
Carazinho		BR	23	3
Coconut Creek		US	FL	3
Craigavon		GB	NIR	3
Chibuto		MZ	02	3
Chalkída	Chalkida	GR	ESYE24	3
Caucaguita		VE	15	3
Comayagua		HN	04	3
Cerdanyola del Vallès	Cerdanyola del Valles	ES	56	3
Carrara		IT	16	3
Chidambaram		IN	25	3
Chichibu		JP	34	3
Casoria		IT	04	3
Chonglong		CN	32	3
Chaiyaphum		TH	26	3
Central City		US	AZ	3
Caucasia		CO	02	3
Chik Ballāpur	Chik Ballapur	IN	19	3
Cergy		FR	11	3
Clichy		FR	11	3
Cheremkhovo		RU	20	3
Cheshunt		GB	ENG	3
Chililabombwe		ZM	08	3
Chunian		PK	04	3
Catacaos		PE	20	3
Center City		US	PA	3
Chhibrāmau	Chhibramau	IN	36	3
Colegiales		AR	07	3
Corby		GB	ENG	3
Chicopee		US	MA	3
Caltanissetta		IT	15	3
Cajamar		BR	27	3
Castlereagh		GB	NIR	3
Chino		JP	26	3
Chernaya Rechka		RU	42	3
Changleng		CN	03	3
Cianorte		BR	18	3
Carmona		PH	40	3
Cuenca		ES	54	3
Changling		CN	05	3
Chumphon		TH	58	3
Corvallis		US	OR	3
Castle Rock		US	CO	3
Cacoal		BR	24	3
Chicago Lawn		US	IL	3
Cereté	Cerete	CO	12	3
Concórdia	Concordia	BR	26	3
Canterbury		GB	ENG	3
Cần Giờ	Can Gio	VN	20	3
Cepu		ID	07	3
Collado-Villalba		ES	29	3
Cypress Hills		US	NY	3
Caicó	Caico	BR	22	3
Cabedelo		BR	17	3
Caaguazú	Caaguazu	PY	04	3
Colton		US	CA	3
Carson City		US	NV	3
Chivilcoy		AR	01	3
Chornomors’k	Chornomors'k	UA	17	3
Cerignola		IT	13	3
Chaniá	Chania	GR	ESYE43	3
Cathedral City		US	CA	3
Commerce City		US	CO	3
Charikar		AF	40	3
Coatepec		MX	30	3
Challakere		IN	19	3
Cobán	Coban	GT	01	3
Chaeryŏng-ŭp	Chaeryong-up	KP	06	3
Campos do Jordão	Campos do Jordao	BR	27	3
Châteauroux	Chateauroux	FR	24	3
Camaquã	Camaqua	BR	23	3
Cholet		FR	52	3
Ciudad de Huajuapan de León	Ciudad de Huajuapan de Leon	MX	20	3
Carpi Centro		IT	05	3
Crateús	Crateus	BR	06	3
Chikhli		IN	16	3
Cuxhaven		DE	06	3
Caucagüito	Caucaguito	VE	15	3
Corroios		PT	19	3
Charleville-Mézières	Charleville-Mezieres	FR	44	3
Cascavel		BR	06	3
Crosby		GB	ENG	3
Corralillo		CU	16	3
Calvià	Calvia	ES	07	3
Caldwell		US	ID	3
Cumbernauld		GB	SCT	3
Casa Grande		US	AZ	3
Chiplūn	Chiplun	IN	16	3
Changanācheri	Changanacheri	IN	13	3
Clamart		FR	11	3
Coronel Oviedo		PY	04	3
City of Milford (balance)		US	CT	3
Châlons-en-Champagne	Chalons-en-Champagne	FR	44	3
Coral Gables		US	FL	3
Comal		ID	07	3
Catalina Foothills		US	AZ	3
Charkhi Dādri	Charkhi Dadri	IN	10	3
Clacton-on-Sea		GB	ENG	3
Coari		BR	04	3
Çarşamba	Carsamba	TR	55	3
Chomutov		CZ	89	3
Chusovoy		RU	90	3
Craigieburn		AU	07	3
Ciudad Sandino		NI	10	3
Cabiao		PH	03	3
Cerritos		US	CA	3
Chortoq		UZ	06	3
Chachoengsao		TH	44	3
Charleston		US	WV	3
Chilmāri	Chilmari	BD	87	3
Carcassonne		FR	76	3
Cha-am		TH	56	3
Cypress		US	CA	3
Copacabana		CO	02	3
Cuyahoga Falls		US	OH	3
Coeur d'Alene		US	ID	3
Covina		US	CA	3
Collierville		US	TN	3
Cornwall		CA	08	3
Congonhas		BR	15	3
Crotone		IT	03	3
Consolacion		PH	07	3
Cedar Hill		US	TX	3
Cornélio Procópio	Cornelio Procopio	BR	18	3
Chigorodó	Chigorodo	CO	02	3
Cojutepeque		SV	04	3
Cwmbran		GB	WLS	3
Cava Dè Tirreni	Cava De Tirreni	IT	04	3
Concepción	Concepcion	PY	07	3
Colonia del Sol		MX	03	3
Ceres		US	CA	3
Chesterfield		US	MO	3
Cruz das Almas		BR	05	3
Churāchāndpur	Churachandpur	IN	17	3
Cosmópolis	Cosmopolis	BR	27	3
Capanema		BR	16	3
Civitavecchia		IT	07	3
Campo Belo		BR	15	3
Catarman		PH	08	3
Cutral-Có	Cutral-Co	AR	15	3
Candaba		PH	03	3
Chegutu		ZW	05	3
Chabahar		IR	04	3
Castres		FR	76	3
Chalon-sur-Saône	Chalon-sur-Saone	FR	27	3
Country Club		US	FL	3
Chelles		FR	11	3
Chenārān	Chenaran	IR	42	3
Cagnes-sur-Mer		FR	93	3
Chatrā	Chatra	IN	38	3
Choma		ZM	07	3
Columbus		US	IN	3
Charlottesville		US	VA	3
Collegno		IT	12	3
Corato		IT	13	3
Chebarkul’	Chebarkul'	RU	13	3
Ciechanów	Ciechanow	PL	78	3
Cuneo		IT	12	3
Chum Phae		TH	22	3
Curup		ID	03	3
Cachoeiras de Macacu		BR	21	3
Cypress		US	TX	3
Chivacoa		VE	22	3
Cherthala		IN	13	3
Casalnuovo di Napoli		IT	04	3
Coyhaique		CL	02	3
Cologno Monzese		IT	09	3
City of Sammamish		US	WA	3
Chak Thirty-one -Eleven Left		PK	04	3
Çumra	Cumra	TR	71	3
Coatepeque		GT	13	3
Chaïdári	Chaidari	GR	ESYE31	3
Carshalton		GB	ENG	3
Centar Župa	Centar Zupa	MK	18	3
Chittaranjan		IN	28	3
Chiquinquirá	Chiquinquira	CO	36	3
Cametá	Cameta	BR	16	3
Chernyakhovsk		RU	23	3
Chiapa de Corzo		MX	05	3
Cleveland Heights		US	OH	2
Candi Prambanan		ID	07	2
Cutler Bay		US	FL	2
Canlaon		PH	07	2
Chone		EC	14	2
Coachella		US	CA	2
Cabaiguán	Cabaiguan	CU	14	2
Camocim		BR	06	2
Chieti		IT	01	2
Cuscatancingo		SV	10	2
Compiègne	Compiegne	FR	32	2
Coatbridge		GB	SCT	2
Cajazeiras		BR	17	2
Cleveland		US	TN	2
Chartres		FR	24	2
Colmenar Viejo		ES	29	2
Chatham		CA	08	2
Châteauguay	Chateauguay	CA	10	2
Caluire-et-Cuire		FR	84	2
Canindé	Caninde	BR	06	2
Cacocum		CU	12	2
Concord		US	NH	2
Compostela		PH	11	2
Cintalapa de Figueroa		MX	05	2
Charlottetown		CA	09	2
Christchurch		GB	ENG	2
Chilecito		AR	12	2
Canning		IN	28	2
Castro		BR	18	2
Chepén	Chepen	PE	13	2
Coburg		DE	02	2
Chioggia		IT	20	2
Cotuí	Cotui	DO	21	2
Ceres		ZA	11	2
Catonsville		US	MD	2
Câmpina	Campina	RO	30	2
Chiquimula		GT	04	2
Comalcalco		MX	27	2
Coity		GB	WLS	2
Chidawa		IN	24	2
Chatsworth		US	CA	2
Cedar Falls		US	IA	2
Chāmpa	Champa	IN	37	2
Civitanova Marche		IT	10	2
Coppell		US	TX	2
Campbell		US	CA	2
Capannori		IT	16	2
Cao Bằng	Cao Bang	VN	05	2
Covington		US	KY	2
Carrollwood Village		US	FL	2
Ciudad Constitución	Ciudad Constitucion	MX	03	2
Chapadinha		BR	13	2
Carcar		PH	07	2
Carrizal		VE	15	2
Chakradharpur		IN	38	2
Corbeil-Essonnes		FR	11	2
Cascina		IT	16	2
Crystal Lake		US	IL	2
Carol Stream		US	IL	2
Camargo		MX	06	2
Cifuentes		CU	16	2
Calexico		US	CA	2
Charlottenlund		DK	17	2
Chrzanów	Chrzanow	PL	77	2
Catu		BR	05	2
Chetouane		DZ	15	2
Corozal		CO	27	2
Chu		KZ	17	2
Campobasso		IT	11	2
Culver City		US	CA	2
Camiling		PH	03	2
Cimin		TR	24	2
Clovis		US	NM	2
Cape Girardeau		US	MO	2
Chojnice		PL	82	2
Chelsea		US	MA	2
Changyŏn	Changyon	KP	06	2
Chhāgalnāiya	Chhagalnaiya	BD	84	2
Cegléd	Cegled	HU	16	2
Castle Hill		AU	02	2
Chhātak	Chhatak	BD	86	2
Chinnamanūr	Chinnamanur	IN	25	2
Caibarién	Caibarien	CU	16	2
Coram		US	NY	2
Canoinhas		BR	26	2
Česká Lípa	Ceska Lipa	CZ	83	2
Cabreúva	Cabreuva	BR	27	2
Cumanayagua		CU	08	2
Cové	Cove	BJ	18	2
Carpentersville		US	IL	2
Chaklāsi	Chaklasi	IN	09	2
Chiaia		IT	04	2
Channelview		US	TX	2
Condado		CU	14	2
Coalville		GB	ENG	2
Colón	Colon	VE	20	2
Chak Azam Sahu		PK	04	2
Canvey Island		GB	ENG	2
Carnot		CF	04	2
Chetwayi		IN	13	2
Constitución	Constitucion	CL	11	2
Caraballeda		VE	26	2
Channarāyapatna	Channarayapatna	IN	19	2
Celje		SI	11	2
Calaca		PH	40	2
Cantù	Cantu	IT	09	2
Chak Jhumra		PK	04	2
Châtellerault	Chatellerault	FR	75	2
Capâo Bonito	Capao Bonito	BR	27	2
Calumet City		US	IL	2
Centar		HR	21	2
Cesano Maderno		IT	09	2
Chester-le-Street		GB	ENG	2
Columbia		US	TN	2
Coesfeld		DE	07	2
Castelli		AR	03	2
Calauan		PH	40	2
Cristalina		BR	29	2
Cheyyar		IN	25	2
Chuhuyiv		UA	07	2
Cambrai		FR	32	2
Chunār	Chunar	IN	36	2
Cascais		PT	14	2
Curuzú Cuatiá	Curuzu Cuatia	AR	06	2
Conflans-Sainte-Honorine		FR	11	2
Claremont		US	CA	2
Chefchaouene		MA	01	2
Coelho Neto		BR	13	2
Commack		US	NY	2
Chipping Sodbury		GB	ENG	2
Caleta Olivia		AR	20	2
Cañada de Gómez	Canada de Gomez	AR	21	2
Clinton		US	MD	2
Chernushka		RU	90	2
Cottage Grove		US	MN	2
Capão da Canoa	Capao da Canoa	BR	23	2
Chippenham		GB	ENG	2
Coyotepec		MX	15	2
Ciudad Mendoza		MX	30	2
Choisy-le-Roi		FR	11	2
Cieszyn		PL	83	2
Currais Novos		BR	22	2
Coventry		US	RI	2
Capivari		BR	27	2
Camajuaní	Camajuani	CU	16	2
Caltagirone		IT	15	2
Cerquilho		BR	27	2
Cooper City		US	FL	2
Castricum		NL	07	2
Châtelet	Chatelet	BE	WAL	2
Cieza		ES	31	2
Ciampino		IT	07	2
Conceição do Coité	Conceicao do Coite	BR	05	2
Carini		IT	15	2
Ciudad Melchor Múzquiz	Ciudad Melchor Muzquiz	MX	07	2
Chikodi		IN	19	2
Cumberland		US	RI	2
Czechowice-Dziedzice		PL	83	2
Caivano		IT	04	2
Chacabuco		AR	01	2
Curridabat		CR	08	2
Cahul		MD	64	2
Central Islip		US	NY	2
Char Bhadrāsan	Char Bhadrasan	BD	81	2
Cottonwood Heights		US	UT	2
Chalinze		TZ	02	2
Czeladź	Czeladz	PL	83	2
Colwyn Bay		GB	WLS	2
Collinwood		US	OH	2
Çay	Cay	TR	03	2
Coroatá	Coroata	BR	13	2
Chester		US	PA	2
Coatzintla		MX	30	2
Chelmsford		US	MA	2
Chorley		GB	ENG	2
Ceerigaabo		SO	12	2
Casalecchio di Reno		IT	05	2
Caracal		RO	29	2
Corsico		IT	09	2
Caucete		AR	18	2
Chilibre		PA	08	2
Canela		BR	23	2
Chillum		US	MD	2
Castelo Branco		PT	06	2
Chicago Loop		US	IL	2
Campbell River		CA	02	2
Carrollwood		US	FL	2
Calpulalpan		MX	29	2
Cheb		CZ	81	2
Caeté	Caete	BR	15	2
Cramlington		GB	ENG	2
Chichigalpa		NI	03	2
Chaksu		IN	24	2
Copperas Cove		US	TX	2
Ciudad Sabinas Hidalgo		MX	19	2
Cantaura		VE	02	2
Canicattì	Canicatti	IT	15	2
Cradock		ZA	05	2
Campi Bisenzio		IT	16	2
Courtenay		CA	02	2
Châtenay-Malabry	Chatenay-Malabry	FR	11	2
Casal Palocco		IT	07	2
Capitão Poço	Capitao Poco	BR	16	2
Cravinhos		BR	27	2
Ceará Mirim	Ceara Mirim	BR	22	2
Canning Vale		AU	08	2
Chanderi		IN	35	2
Chur		CH	GR	2
Cambrils		ES	56	2
Caicedonia		CO	29	2
Clermont		US	FL	2
Châtillon	Chatillon	FR	11	2
Chocope		PE	13	2
Coaraci		BR	05	2
College Park		US	MD	2
Chalchuapa		SV	11	2
Crailsheim		DE	01	2
Câmara de Lobos	Camara de Lobos	PT	10	2
Curtea de Argeş	Curtea de Arges	RO	03	2
Chieri		IT	12	2
Centro Familiar la Soledad		MX	11	2
Curitibanos		BR	26	2
Cookeville		US	TN	2
Charqueadas		BR	23	2
Cleethorpes		GB	ENG	2
Ciudad Fernández	Ciudad Fernandez	MX	24	2
Casilda		AR	21	2
Creil		FR	32	2
Campo Maior		BR	20	2
Castro-Urdiales		ES	39	2
Chichester		GB	ENG	2
Chittūr	Chittur	IN	13	2
Centereach		US	NY	2
Cananea		MX	26	2
Ceylanpınar	Ceylanpinar	TR	63	2
Crema		IT	09	2
Coruripe		BR	02	2
Chemmumiahpet		IN	02	2
Camargo		ES	39	2
Côte-Saint-Luc	Cote-Saint-Luc	CA	10	2
Chatham		US	IL	2
Colomiers		FR	76	2
Cauquenes		CL	11	2
Cheongsong gun		KR	14	2
Casale Monferrato		IT	12	2
Cloppenburg		DE	06	2
Chilapa de Álvarez	Chilapa de Alvarez	MX	12	2
Cabadbaran		PH	13	2
Campina Grande do Sul		BR	18	2
Caerphilly		GB	WLS	2
Carballo		ES	58	2
Charenton-le-Pont		FR	11	2
Chanika		TZ	18	2
Champotón	Champoton	MX	04	2
Cholargós	Cholargos	GR	ESYE31	2
Conegliano		IT	20	2
Chajarí	Chajari	AR	08	2
Clearfield		US	UT	2
Curanilahue		CL	06	2
Cosamaloapan		MX	30	2
Chicago Heights		US	IL	2
Cardona		PH	40	2
Coxim		BR	11	2
Ciudad Vieja		GT	16	2
Cedar City		US	UT	2
Candelária	Candelaria	BR	23	2
Camberley		GB	ENG	2
Chītāpur	Chitapur	IN	19	2
Chatou		FR	11	2
Canosa di Puglia		IT	13	2
Cleburne		US	TX	2
Cát Bà	Cat Ba	VN	13	2
Cherpulassery		IN	13	2
Carney		US	MD	1
Castro		CL	14	1
Charneca de Caparica		PT	19	1
Carpentras		FR	93	1
Coyula		MX	14	1
Calp		ES	60	1
Cativá	Cativa	PA	04	1
Ciro Redondo		CU	07	1
Constanza		DO	30	1
Courcelles		BE	WAL	1
Cheshire		US	CT	1
Cordova		PH	07	1
Carrickfergus		GB	NIR	1
Comé	Come	BJ	11	1
Ciutadella		ES	07	1
Consett		GB	ENG	1
Cernusco sul Naviglio		IT	09	1
Chŏngju	Chongju	KP	11	1
Clichy-sous-Bois		FR	11	1
Chodavaram		IN	02	1
Chaumont		FR	44	1
Carlsbad		US	NM	1
Centenario		AR	15	1
Cheadle Hulme		GB	ENG	1
Crown Point		US	IN	1
Chortkiv		UA	22	1
Czerwionka-Leszczyny		PL	83	1
Chaupimarca		PE	19	1
Ceper		ID	07	1
Crevillente		ES	60	1
Ciudad Sahagun		MX	13	1
Coondapoor		IN	19	1
Carmona		ES	51	1
Central		US	LA	1
Chamblee		US	GA	1
Culleredo		ES	58	1
Caxito		AO	19	1
Chiredzi		ZW	08	1
Cruz del Eje		AR	05	1
Cândido Mota	Candido Mota	BR	27	1
Coria del Río	Coria del Rio	ES	51	1
Cranberry Township		US	PA	1
Cataño	Catano	PR	033	1
Cornelius		US	NC	1
Castelvetrano		IT	15	1
Camiri		BO	08	1
Chatan		JP	47	1
Cheraga		DZ	55	1
Charata		AR	03	1
Chato		TZ	28	1
Champs-sur-Marne		FR	11	1
Charef		DZ	22	1
Catemaco		MX	30	1
Contla		MX	29	1
Cambuslang		GB	SCT	1
Cajati		BR	27	1
Caransebeş	Caransebes	RO	12	1
Cleckheaton		GB	ENG	1
Caldas da Rainha		PT	13	1
Cisterna di Latina		IT	07	1
Crofton		US	MD	1
Chakapara		IN	28	1
College Point		US	NY	1
Castillejos		PH	03	1
Caetité	Caetite	BR	05	1
Conceição do Araguaia	Conceicao do Araguaia	BR	16	1
Capitán Bermúdez	Capitan Bermudez	AR	21	1
Casselberry		US	FL	1
Catarroja		ES	60	1
Corfu		GR	ESYE22	1
Coronel Suárez	Coronel Suarez	AR	01	1
Chancay		PE	15	1
Cutler Ridge		US	FL	1
Culemborg		NL	03	1
Catanauan		PH	40	1
Calabanga		PH	05	1
Camaiore		IT	16	1
Cavaillon		FR	93	1
Coffs Harbour		AU	02	1
Cherbourg-Octeville		FR	28	1
Clydebank		GB	SCT	1
Cibolo		US	TX	1
Cartago		CR	02	1
Cobija		BO	06	1
Cayambe		EC	18	1
Chiavari		IT	08	1
Ceeldheer		SO	05	1
Cachan		FR	11	1
Carmo do Paranaíba	Carmo do Paranaiba	BR	15	1
Cueto		CU	12	1
Croydon		AU	07	1
Cantonment		US	FL	1
Changsu		KR	03	1
Câmpia Turzii	Campia Turzii	RO	13	1
Canidelo		PT	17	1
Caravaca		ES	31	1
Carbondale		US	IL	1
Canavieiras		BR	05	1
Chacarita		CR	07	1
Caboolture		AU	04	1
Comiso		IT	15	1
Colomadu		ID	07	1
Carrollton		US	GA	1
Çan	Can	TR	17	1
Congleton		GB	ENG	1
Camden Town		GB	ENG	1
Ciudad de Allende		MX	19	1
Clinton		US	IA	1
Cantel		GT	13	1
Camas		ES	51	1
Chīpurupalle	Chipurupalle	IN	02	1
Coburg		AU	07	1
Český Těšín	Cesky Tesin	CZ	85	1
Cangas do Morrazo		ES	58	1
Coleraine		GB	NIR	1
Chhabra		IN	24	1
Cordeirópolis	Cordeiropolis	BR	27	1
Concepcion Ibaba		PH	40	1
Cabot		US	AR	1
Castelfranco Veneto		IT	20	1
Crowthorne		GB	ENG	1
Colonelganj		IN	36	1
Coulsdon		GB	ENG	1
Cullinan		ZA	06	1
Colleyville		US	TX	1
Canton		US	GA	1
Chardara		KZ	10	1
Chanhassen		US	MN	1
Carangola		BR	15	1
Cabagan		PH	02	1
Castlewood		US	CO	1
Clinton		US	MS	1
Coudekerque-Branche		FR	32	1
Chaska		US	MN	1
Chai Badan		TH	34	1
Ciudad Altamirano		MX	12	1
Colinas		BR	13	1
Chatswood		AU	02	1
Cuautlancingo		MX	21	1
Campechuela		CU	09	1
Chengannūr	Chengannur	IN	13	1
Chandauli		IN	36	1
Cajicá	Cajica	CO	33	1
Cave Spring		US	VA	1
Cruces		CU	08	1
Charkhāri	Charkhari	IN	36	1
Cliffside Park		US	NJ	1
Chimala		TZ	09	1
Coronado		US	CA	1
Calahorra		ES	27	1
Collinsville		US	IL	1
Cugir		RO	01	1
Chilaw		LK	32	1
Caledonia		US	WI	1
Čadca	Cadca	SK	08	1
Çayeli	Cayeli	TR	53	1
Chinoz		UZ	14	1
Chharra		IN	36	1
Chhota Udepur		IN	09	1
Campsie		AU	02	1
Coral Terrace		US	FL	1
Candelaria		ES	53	1
Cudahy		US	CA	1
Chak Five Hundred Seventy-five		PK	04	1
Chiknāyakanhalli	Chiknayakanhalli	IN	19	1
Columbine		US	CO	1
Calasiao		PH	01	1
Calafell		ES	56	1
Citrus Park		US	FL	1
Codlea		RO	09	1
Carteret		US	NJ	1
Carlingford		AU	02	1
Cullera		ES	60	1
Chambas		CU	07	1
Colgong		IN	34	1
Chettipālaiyam	Chettipalaiyam	IN	25	1
Caroline Springs		AU	07	1
Chak One Hundred Twenty Nine Left		PK	04	1
Caazapá	Caazapa	PY	05	1
Cumaribo		CO	31	1
Candelaria		CO	29	1
Chios		GR	ESYE41	1
Corsicana		US	TX	1
Campo Formoso		BR	05	1
Chengam		IN	25	1
Champlin		US	MN	1
Centerville		US	OH	1
Casa Santa		IT	15	1
Ciudad Serdán	Ciudad Serdan	MX	21	1
Capinzal		BR	26	1
Calw		DE	01	1
Comăneşti	Comanesti	RO	04	1
Carnaxide		PT	14	1
Comonfort		MX	11	1
Castaños	Castanos	MX	07	1
Chrudim		CZ	86	1
Chawinda		PK	04	1
Copertino		IT	13	1
Chhātāpur	Chhatapur	IN	34	1
Chiaiano		IT	04	1
Caniço	Canico	PT	10	1
Cesano Boscone		IT	09	1
Chok Chai		TH	27	1
Cahors		FR	76	1
Catende		BR	30	1
Crestview		US	FL	1
Calimete		CU	03	1
Cambre		ES	58	1
Chiffa		DZ	20	1
Columbus		US	MS	1
Chākan	Chakan	IN	16	1
Chāndur	Chandur	IN	16	1
Colachel		IN	25	1
Calabasas		US	CA	1
Chapeltown		GB	ENG	1
Chantilly		US	VA	1
Candler-McAfee		US	GA	1
Chivasso		IT	12	1
Carmagnola		IT	12	1
Castellar del Vallès	Castellar del Valles	ES	56	1
Copiague		US	NY	1
Crystal		US	MN	1
Cloverleaf		US	TX	1
Comrat		MD	51	1
Campo Verde		BR	11	1
Campo de la Cruz		CO	04	1
Columbus		US	NE	1
Caxambu		BR	15	1
Ceadîr-Lunga	Ceadir-Lunga	MD	51	1
Conversano		IT	13	1
Cumbum		IN	02	1
Coromandel		BR	15	1
Cranford		US	NJ	1
Chala		TZ	24	1
Chambly		CA	10	1
Campoalegre		CO	16	1
Campos Novos		BR	26	1
Curchorem		IN	33	1
Camborne		GB	ENG	1
Città di Castello	Citta di Castello	IT	18	1
Casa Branca		BR	27	1
Cottage Lake		US	WA	1
Corcoran		US	CA	1
Cosoleacaque		MX	30	1
Crimmitschau		DE	13	1
Cenon		FR	75	1
Combs-la-Ville		FR	11	1
Coswig		DE	13	1
Cerro Azul		MX	30	1
Campos Gerais		BR	15	1
Cardito		IT	04	1
Ciempozuelos		ES	29	1
Corinto		BR	15	1
Curumaní	Curumani	CO	10	1
Cecina		IT	16	1
Cururupu		BR	13	1
Chishmy		RU	08	1
Carrizal		ES	53	1
Converse		US	TX	1
Cormeilles-en-Parisis		FR	11	1
Christiansburg		US	VA	1
Calatayud		ES	52	1
Cogan		PH	07	1
Castel Volturno		IT	04	1
Clarksville		US	IN	1
Coín	Coin	ES	51	1
Chandrakona		IN	28	1
Camas		US	WA	1
Cheltenham		AU	07	1
Cláudio	Claudio	BR	15	1
Çaycuma	Caycuma	TR	85	1
Camberwell		AU	07	1
Cazin		BA	01	1
Chiconcuac		MX	15	1
Carcaixent		ES	60	1
Chillicothe		US	OH	1
Colonia del Sacramento		UY	04	1
Caacupé	Caacupe	PY	08	1
Căuşeni	Causeni	MD	67	1
Chake Chake		TZ	20	1
Canton		US	MA	1
Carbonia		IT	14	1
Cabramatta		AU	02	1
Conceição do Jacuípe	Conceicao do Jacuipe	BR	05	1
Chapala		MX	14	1
Chemini		DZ	14	1
Chebba		TN	15	1
Cuenca		PH	40	1
Chamba		IN	11	1
Černý Most	Cerny Most	CZ	52	1
Clinton		US	UT	1
Concarneau		FR	53	1
Cambará	Cambara	BR	18	1
Croix		FR	32	1
Cabra		ES	51	1
Conchal		BR	27	1
Çine	Cine	TR	09	1
Çeşme	Cesme	TR	35	1
Cártama	Cartama	ES	51	1
Canyon Lake		US	TX	1
Chhāta	Chhata	IN	36	1
Cambuí	Cambui	BR	15	1
Cowes		GB	ENG	1
Cassano Magnago		IT	09	1
Caála	Caala	AO	08	1
Charleston		US	IL	1
Caparica		PT	19	1
Cauto Cristo		CU	09	1
Carrboro		US	NC	1
Crest Hill		US	IL	1
Carmen de Viboral		CO	02	1
Chatrapur		IN	21	1
Cassino		IT	07	1
Conway		US	SC	1
Clevedon		GB	ENG	1
Corinth		US	TX	1
Chester		US	VA	1
Conil de la Frontera		ES	51	1
Çermik	Cermik	TR	21	1
Chaudfontaine		BE	WAL	1
Caterham		GB	ENG	1
Cognac		FR	75	1
Calauag		PH	40	1
Clement Town		IN	39	1
Clarence-Rockland		CA	08	1
Cockeysville		US	MD	1
Carei		RO	32	1
Capulhuac de Mirafuentes		MX	15	1
Comalapa		GT	03	1
Colleferro		IT	07	1
Calle Blancos		CR	08	1
Chambersburg		US	PA	1
Chesham		GB	ENG	1
Carepa		CO	02	1
Coralville		US	IA	1
Crowborough		GB	ENG	1
Casal di Principe		IT	04	1
Ćuprija	Cuprija	RS	SE	1
Chełmno	Chelmno	PL	73	1
Chorfa		DZ	21	1
Chillupār	Chillupar	IN	36	1
Cervia		IT	05	1
Chernogolovka		RU	47	1
Colorado		BR	18	1
Chincholi		IN	19	1
Carrum Downs		AU	07	1
Chicacao		GT	20	1
Channagiri		IN	19	1
Carcavelos		PT	14	1
Cofradía	Cofradia	HN	06	1
Castrovillari		IT	03	1
Cartersville		US	GA	1
Cañas	Canas	CR	03	1
Chamalières	Chamalieres	FR	84	1
Cambria Heights		US	NY	1
Chachapoyas		PE	01	1
Castelo		BR	08	1
Camarate		PT	14	1
Cañete	Canete	CL	06	1
Canguçu	Cangucu	BR	23	1
Cumberland		US	MD	1
Clayton		AU	07	1
Cherepanovo		RU	53	1
Chevilly-Larue		FR	11	1
Colne		GB	ENG	1
Circasia		CO	23	1
Chinna Salem		IN	25	1
Cornaredo		IT	09	1
Colombia		CU	13	1
Coconut Grove		US	FL	1
Capelinha		BR	15	1
Chalfont Saint Peter		GB	ENG	1
Carlow		IE	L	1
Corabia		RO	29	1
Charlotte Amalie		VI	030	1
Castries		LC	03	1
Chislehurst		GB	ENG	1
Cole Harbour		CA	07	1
Campinas		BR	26	1
Ciudad Miguel Alemán	Ciudad Miguel Aleman	MX	28	1
Chaparral		CO	28	1
Cranendonck		NL	06	1
Colfontaine		BE	WAL	1
Charthāwal	Charthawal	IN	36	1
Chebli		DZ	20	1
Cranbourne North		AU	07	1
Clifton		US	CO	1
Clemmons		US	NC	1
Cranbourne		AU	07	1
Cunduacán	Cunduacan	MX	27	1
Capesterre-Belle-Eau		GP	GP	1
Cinco Saltos		AR	16	1
Catolé do Rocha	Catole do Rocha	BR	17	1
Cluses		FR	84	1
Chodzież	Chodziez	PL	86	1
Câmpulung Moldovenesc	Campulung Moldovenesc	RO	34	1
Calvillo		MX	01	1
Columbia Heights		US	MN	1
Canelones		UY	02	1
Comitancillo		GT	17	1
Chignahuapan		MX	21	1
Chinú	Chinu	CO	12	1
Chāndor	Chandor	IN	16	1
Condado		BR	30	1
Chubek		TJ	02	1
Cajuru		BR	27	1
Celbridge		IE	L	1
Chabet el Ameur		DZ	40	1
Couëron	Coueron	FR	52	1
Cormano		IT	09	1
Chessington		GB	ENG	1
Custoias		PT	11	1
Chalatenango		SV	03	1
Casarano		IT	13	1
Chiroqchi		UZ	08	1
Cran-Gevrier		FR	84	1
Chunghwa		KP	12	1
Carouge		CH	GE	1
Çatalca	Catalca	TR	34	1
Conceição da Barra	Conceicao da Barra	BR	08	1
Clydach		GB	WLS	1
Clayton		US	NC	1
Central Falls		US	RI	1
Chāpar	Chapar	IN	03	1
Chhaprauli		IN	36	1
Covington		US	WA	1
Corinto		NI	03	1
Chāndūr	Chandur	IN	16	1
Camacupa		AO	02	1
Carlisle		US	PA	1
Colomba		GT	13	1
Carlos Barbosa		BR	23	1
Camp Springs		US	MD	1
Cupira		BR	30	1
Casimiro de Abreu		BR	21	1
Cosquín	Cosquin	AR	05	1
Castaic		US	CA	1
Claremore		US	OK	1
Challans		FR	52	1
Cesenatico		IT	05	1
Cortland		US	NY	1
Cusano		IT	09	1
Canguaretama		BR	22	1
Chilly-Mazarin		FR	11	1
Chicholi		IN	16	1
Chipinge		ZW	01	1
Catabola		AO	02	1
Cournon-d'Auvergne		FR	84	1
Cuautepec de Hinojosa		MX	13	1
Carlton		AU	07	1
Chāndūr Bāzār	Chandur Bazar	IN	16	1
Casa de Oro-Mount Helix		US	CA	1
Ceres		BR	29	1
Ciudad Nueva		DO	34	1
Chaville		FR	11	1
Compostela		PH	07	1
Chhāpar	Chhapar	IN	24	1
Comalapa		MX	05	1
Corner Brook		CA	05	1
Casavatore		IT	04	1
Calafat		RO	17	1
Calella		ES	56	1
Cranbrook		CA	02	1
Cholpon-Ata		KG	07	1
Cherrybrook		AU	02	1
Chipiona		ES	51	1
Csongrád	Csongrad	HU	06	1
Catamayo		EC	12	1
Carvin		FR	32	1
Castiglione delle Stiviere		IT	09	1
Chowchilla		US	CA	1
Cernavodă	Cernavoda	RO	14	1
Cassilândia	Cassilandia	BR	11	1
Cayey		PR	035	1
Chegem		RU	22	1
Casamassima		IT	13	1
Cudahy		US	WI	1
Cotoca		BO	08	1
Cabrero		CL	06	1
Chetput		IN	25	1
Cícero Dantas	Cicero Dantas	BR	05	1
Chennevières-sur-Marne	Chennevieres-sur-Marne	FR	11	1
Crespo		AR	08	1
Creve Coeur		US	MO	1
Cinco Ranch		US	TX	1
Cameron Park		US	CA	1
Chapel Allerton		GB	ENG	1
Cēsis	Cesis	LV	05	1
Cento		IT	05	1
Clark-Fulton		US	OH	1
Cihuatlán	Cihuatlan	MX	14	1
Chak Two Hundred Forty-nine Thal Development Authority		PK	04	1
Cutler		US	FL	1
Custódia	Custodia	BR	30	1
Cobourg		CA	08	1
Carauari		BR	04	1
Carquefou		FR	52	1
Cestas		FR	75	1
Castelnau-le-Lez		FR	76	1
Chichén-Itzá	Chichen-Itza	MX	31	1
Chicureo Abajo		CL	12	1
Changuinola		PA	01	1
Central Point		US	OR	1
Carlos A. Carrillo		MX	30	1
Cary		US	IL	1
Charlottenburg-Nord		DE	16	1
Callosa de Segura		ES	60	1
Cartaya		ES	51	1
Chākia	Chakia	IN	34	1
Camanducaia		BR	15	1
Cercola		IT	04	1
Colonial Heights		US	VA	1
Çerkeş	Cerkes	TR	82	1
Colonia		US	NJ	1
Calverton		US	MD	1
Cocoa		US	FL	1
Centre de Flacq		MU	13	1
Cronulla		AU	02	1
Campos Sales		BR	06	1
Candelaria		PR	137	1
Ciénaga de Oro	Cienaga de Oro	CO	12	1
Covilhã	Covilha	PT	06	1
Compostela		MX	18	1
Chon Daen		TH	14	1
Culpeper		US	VA	1
Chaves		PT	21	1
Chervonopartyzans’k	Chervonopartyzans'k	UA	14	1
Christiana		ZA	10	1
Caçapava do Sul	Cacapava do Sul	BR	23	1
Carigara		PH	08	1
Ciudad de Huitzuco		MX	12	1
Calangute		IN	33	1
Ciriè	Cirie	IT	12	1
Cluain Meala		IE	M	1
Chudovo		RU	52	1
Chimbarongo		CL	08	1
Chhoti Sādri	Chhoti Sadri	IN	24	1
Chhala		IN	09	1
Capim Grosso		BR	05	1
Castelfranco Emilia		IT	05	1
Cham		DE	02	1
Calceta		EC	14	1
Calne		GB	ENG	1
Canby		US	OR	1
Cassano d'Adda		IT	09	1
Casa Blanca		MX	21	1
Chirpan		BG	59	1
Cirencester		GB	ENG	1
Castilleja de la Cuesta		ES	51	1
Carnegie		AU	07	1
Chã Grande	Cha Grande	BR	30	1
Conception Bay South		CA	05	1
Chalāla	Chalala	IN	09	1
Condeixa-a-Nova		PT	07	1
Capalaba		AU	04	1
Chisec		GT	01	1
Colchester		US	VT	1
Catumbela		AO	01	1
Coronda		AR	21	1
Calamvale		AU	04	1
Carmelo		UY	04	1
Caldes de Montbui		ES	56	1
Centerville		US	UT	1
Cartagena		CL	01	1
Cariamanga		EC	12	1
Clarksdale		US	MS	1
Challapalle		IN	02	1
Concord		US	MA	1
Country Club Hills		US	IL	1
Campo Alegre		BR	02	1
Centralia		US	WA	1
Chalmette		US	LA	1
Chimichagua		CO	10	1
Chelak		UZ	10	1
Cobham		GB	ENG	1
Cabeceiras de Basto		PT	04	1
Carandaí	Carandai	BR	15	1
Center Point		US	AL	1
Česká Třebová	Ceska Trebova	CZ	86	1
Camoapa		NI	01	1
Colle di Val d'Elsa		IT	16	1
Cardedeu		ES	56	1
Corinto		CO	09	1
Cacahoatán	Cacahoatan	MX	05	1
Coalinga		US	CA	1
Cabayangan		PH	11	1
Cohoes		US	NY	1
Ceglie Messapica		IT	13	1
Ciudad Guadalupe Victoria		MX	10	1
Chinde		MZ	09	1
Cowley		GB	ENG	1
Chickasha		US	OK	1
Cuilapa		GT	18	1
Camaná	Camana	PE	04	1
Concord		US	MO	1
Cañon City	Canon City	US	CO	1
Collipulli		CL	04	1
Caronno Pertusella		IT	09	1
Cochrane		CA	01	1
Carterton		GB	ENG	1
Curundú	Curundu	PA	08	1
Carmo do Cajuru		BR	15	1
Calhoun		US	GA	1
Chhor		PK	05	1
Chennimalai		IN	25	1
Cehegín	Cehegin	ES	31	1
Carolina		BR	13	1
Ciudad Bolívar	Ciudad Bolivar	CO	02	1
Cesson-Sévigné	Cesson-Sevigne	FR	53	1
Chunskiy		RU	20	1
Cattolica		IT	05	1
Coos Bay		US	OR	1
Chepstow		GB	WLS	1
Cimarron Hills		US	CO	1
Clarksburg		US	WV	1
Conceição das Alagoas	Conceicao das Alagoas	BR	15	1
Cachoeira		BR	05	1
Cuncolim		IN	33	1
Calatagan		PH	40	1
Cabrobó	Cabrobo	BR	30	1
Castel Maggiore		IT	05	1
Chongoyape		PE	14	1
Crawfordsville		US	IN	1
Canovelles		ES	56	1
Capela		BR	28	1
Châteaudun	Chateaudun	FR	24	1
Cherry Hill		US	VA	1
Country Walk		US	FL	1
Cranbourne East		AU	07	1
Coorparoo		AU	04	1
Cordenons		IT	06	1
Corvera de Asturias		ES	34	1
Candiac		CA	10	1
Château-Thierry	Chateau-Thierry	FR	32	1
Conisbrough		GB	ENG	1
Ciudad de Armería	Ciudad de Armeria	MX	08	1
Carthage		TN	36	1
Clayton		US	MO	1
Cerveteri		IT	07	1
Conyers		US	GA	1
Colima		CR	08	1
Čakovec	Cakovec	HR	09	1
Conde		BR	17	1
Carmarthen		GB	WLS	1
Coronel Vivida		BR	18	1
Conceição da Feira	Conceicao da Feira	BR	05	1
Collingwood		CA	08	1
Chenôve	Chenove	FR	27	1
Chuhar Jamali		PK	05	1
Canteleu		FR	28	1
Choszczno		PL	87	1
Casula		AU	02	1
Crépy-en-Valois	Crepy-en-Valois	FR	32	1
Camrose		CA	01	1
Cranebrook		AU	02	1
Carcarañá	Carcarana	AR	21	1
Cordeiro		BR	21	1
Calumpang		PH	NCR	1
Campos Belos		BR	29	1
Chānasma	Chanasma	IN	09	1
Correggio		IT	05	1
Conde		BR	05	1
Chiari		IT	09	1
Çağlayancerit	Caglayancerit	TR	46	1
Carlet		ES	60	1
Chai Nat		TH	32	1
Cárdenas	Cardenas	MX	24	1
Carrières-sous-Poissy	Carrieres-sous-Poissy	FR	11	1
Clive		US	IA	1
Clemson		US	SC	1
Capua		IT	04	1
Carindale		AU	04	1
Carate Brianza		IT	09	1
Chełmża	Chelmza	PL	73	1
Cugnaux		FR	76	1
Cullman		US	AL	1
Cova Figueira		CV	24	1
Clausthal-Zellerfeld		DE	06	1
Choa Saidan Shah		PK	04	1
Coogee		AU	02	1
Coulommiers		FR	11	1
Chernyanka		RU	09	1
Coscomatepec de Bravo		MX	30	1
Corio		AU	07	1
Chotila		IN	09	1
Cambridge		NZ	G1	1
Clearlake		US	CA	1
Chiriguaná	Chiriguana	CO	10	1
Catriel		AR	16	1
Ciénega de Flores	Cienega de Flores	MX	19	1
Celso Ramos		BR	26	1
Chom Bueng		TH	52	1
Cetinje		ME	06	1
Corigliano Scalo		IT	03	1
Crucecita		MX	20	1
Cloverly		US	MD	1
Coishco		PE	02	1
Cessnock		AU	02	1
Cajueiro		BR	02	1
Cruzeiro do Oeste		BR	18	1
Cisnădie	Cisnadie	RO	33	1
Campo de Criptana		ES	54	1
Cockburn Town		TC	00	0
Cambebba		BR	06	0
Chasse Royale		BE	WAL	0